id,ts,data,tipo,valor,conta,categoria,descricao,pagamento,fatura,origem,confianca,conta_origem,transcricao,msg_id
1,2026-07-25T18:27:07-03:00,2024-12-15,gasto,323.38,A,Outros,Mp *Girafa - Parcela 10/10,credito,2025-01-22,nubank-cartao,media,padrao_categoria,,
2,2026-07-25T18:27:07-03:00,2024-12-15,gasto,125.33,A,Educação/Cursos,Ebn *Cambly - Parcela 4/12,credito,2025-01-22,nubank-cartao,media,padrao_categoria,,
3,2026-07-25T18:27:07-03:00,2024-12-15,gasto,187.88,A,Serviços online/Tech,Kabum - Parcela 7/10,credito,2025-01-22,nubank-cartao,media,padrao_categoria,,
4,2026-07-25T18:27:07-03:00,2024-12-15,gasto,34.71,A,Outros,Pg *Bruna Tavares - Parcela 2/3,credito,2025-01-22,nubank-cartao,media,padrao_categoria,,
5,2026-07-25T18:27:07-03:00,2024-12-16,gasto,24.0,A,Restaurantes/Lanches,Padaria e Cafeteria Se,credito,2025-01-22,nubank-cartao,media,padrao_categoria,,
6,2026-07-25T18:27:07-03:00,2024-12-16,gasto,45.9,A,Outros,Gebara e Benatti,credito,2025-01-22,nubank-cartao,media,padrao_categoria,,
7,2026-07-25T18:27:07-03:00,2024-12-16,gasto,44.0,A,Restaurantes/Lanches,Diner Burger,credito,2025-01-22,nubank-cartao,media,padrao_categoria,,
10,2026-07-25T18:27:07-03:00,2024-12-17,gasto,51.23,B,Combustível,Auto Posto Guaicurus,credito,2025-01-22,nubank-cartao,media,padrao_categoria,,
11,2026-07-25T18:27:07-03:00,2024-12-17,gasto,14.98,B,Mercado/Supermercado,Murakamercado,credito,2025-01-22,nubank-cartao,media,padrao_categoria,,
12,2026-07-25T18:27:07-03:00,2024-12-17,gasto,3.15,A,Restaurantes/Lanches,Lau Lanches,credito,2025-01-22,nubank-cartao,media,padrao_categoria,,
8,2026-07-25T18:27:07-03:00,2024-12-17,gasto,43.19,B,Mercado/Supermercado,Melo e Cuenca e Filhos,credito,2025-01-22,nubank-cartao,media,padrao_categoria,,
9,2026-07-25T18:27:07-03:00,2024-12-17,gasto,217.0,A,Restaurantes/Lanches,Boulevard Food,credito,2025-01-22,nubank-cartao,media,padrao_categoria,,
13,2026-07-25T18:27:07-03:00,2024-12-18,gasto,45.99,A,Restaurantes/Lanches,Pao Dourado,credito,2025-01-22,nubank-cartao,media,padrao_categoria,,
14,2026-07-25T18:27:07-03:00,2024-12-18,gasto,77.44,A,Outros,Pg *Ton,credito,2025-01-22,nubank-cartao,media,padrao_categoria,,
15,2026-07-25T18:27:07-03:00,2024-12-18,gasto,23.04,B,Mercado/Supermercado,Melo e Cuenca e Filhos,credito,2025-01-22,nubank-cartao,media,padrao_categoria,,
16,2026-07-25T18:27:07-03:00,2024-12-19,gasto,28.0,A,Outros,Lourdes Trevisol Gueri,credito,2025-01-22,nubank-cartao,media,padrao_categoria,,
17,2026-07-25T18:27:07-03:00,2024-12-19,gasto,31.45,A,Restaurantes/Lanches,Restaurante Rodoviaria,credito,2025-01-22,nubank-cartao,media,padrao_categoria,,
18,2026-07-25T18:27:07-03:00,2024-12-19,gasto,21.9,A,Streaming,Ebn*Spotify,credito,2025-01-22,nubank-cartao,media,padrao_categoria,,
19,2026-07-25T18:27:07-03:00,2024-12-20,gasto,264.94,A,Outros,Mp *Pagtesouropag,credito,2025-01-22,nubank-cartao,media,padrao_categoria,,
20,2026-07-25T18:27:07-03:00,2024-12-20,gasto,24.99,A,Outros,Cappta *Barbosa Inform,credito,2025-01-22,nubank-cartao,media,padrao_categoria,,
21,2026-07-25T18:27:07-03:00,2024-12-22,gasto,102.79,A,Saúde/Academia,PHYSICAL CENTER ACADEMIA DE GINASTICA,credito,2025-01-22,nubank-cartao,media,padrao_categoria,,
22,2026-07-25T18:27:07-03:00,2024-12-27,gasto,168.2,A,Outros,Andorinha - Parcela 1/2,credito,2025-01-22,nubank-cartao,media,padrao_categoria,,
23,2026-07-25T18:27:07-03:00,2024-12-28,gasto,15.0,A,Outros,Belvedere Comercio de,credito,2025-01-22,nubank-cartao,media,padrao_categoria,,
24,2026-07-25T18:27:07-03:00,2024-12-30,gasto,64.8,A,Restaurantes/Lanches,Hamburgueria Primavera,credito,2025-01-22,nubank-cartao,media,padrao_categoria,,
25,2026-07-25T18:27:07-03:00,2025-01-03,gasto,34.1,A,Outros,Mp *Padariapaoour,credito,2025-01-22,nubank-cartao,media,padrao_categoria,,
26,2026-07-25T18:27:07-03:00,2025-01-05,gasto,47.5,A,Outros,Belvedere Comercio de,credito,2025-01-22,nubank-cartao,media,padrao_categoria,,
27,2026-07-25T18:27:07-03:00,2025-01-06,gasto,16.0,A,Outros,Ancar,credito,2025-01-22,nubank-cartao,media,padrao_categoria,,
28,2026-07-25T18:27:07-03:00,2025-01-07,gasto,64.85,A,Serviços online/Tech,Amazon - Parcela 1/2,credito,2025-01-22,nubank-cartao,media,padrao_categoria,,
29,2026-07-25T18:27:07-03:00,2025-01-08,gasto,198.0,A,Outros,Ct Black Fight,credito,2025-01-22,nubank-cartao,media,padrao_categoria,,
30,2026-07-25T18:27:07-03:00,2025-01-08,gasto,139.0,A,Saúde/Academia,Cliniprev Odontologia,credito,2025-01-22,nubank-cartao,media,padrao_categoria,,
31,2026-07-25T18:27:07-03:00,2025-01-09,gasto,45.9,A,Outros,Senior Agropecuaria,credito,2025-01-22,nubank-cartao,media,padrao_categoria,,
32,2026-07-25T18:27:07-03:00,2025-01-12,gasto,145.04,B,Combustível,Auto Posto,credito,2025-01-22,nubank-cartao,media,padrao_categoria,,
33,2026-07-25T18:27:07-03:00,2025-01-12,gasto,106.15,B,Mercado/Supermercado,Comercial Ramin,credito,2025-01-22,nubank-cartao,media,padrao_categoria,,
34,2026-07-25T18:27:07-03:00,2025-01-13,gasto,26.61,A,Restaurantes/Lanches,The Best Acai,credito,2025-01-22,nubank-cartao,media,padrao_categoria,,
35,2026-07-25T18:27:07-03:00,2025-01-14,gasto,187.14,B,Mercado/Supermercado,Machadao Atacadista,credito,2025-01-22,nubank-cartao,media,padrao_categoria,,
36,2026-07-25T18:27:07-03:00,2025-01-14,receita,590.0,B,Outros,ajuda do pai,pix,,nubank-conta,alta,dito,,
37,2026-07-25T18:27:07-03:00,2025-01-15,gasto,125.33,A,Educação/Cursos,Ebn *Cambly - Parcela 5/12,credito,2025-02-22,nubank-cartao,media,padrao_categoria,,
38,2026-07-25T18:27:07-03:00,2025-01-15,gasto,168.2,A,Outros,Andorinha - Parcela 2/2,credito,2025-02-22,nubank-cartao,media,padrao_categoria,,
39,2026-07-25T18:27:07-03:00,2025-01-15,gasto,187.88,A,Serviços online/Tech,Kabum - Parcela 8/10,credito,2025-02-22,nubank-cartao,media,padrao_categoria,,
40,2026-07-25T18:27:07-03:00,2025-01-15,gasto,64.85,A,Serviços online/Tech,Amazon - Parcela 2/2,credito,2025-02-22,nubank-cartao,media,padrao_categoria,,
41,2026-07-25T18:27:07-03:00,2025-01-15,gasto,31.35,A,Restaurantes/Lanches,Restaurante do Poxoreu,credito,2025-02-22,nubank-cartao,media,padrao_categoria,,
42,2026-07-25T18:27:07-03:00,2025-01-15,gasto,34.71,A,Outros,Pg *Bruna Tavares - Parcela 3/3,credito,2025-02-22,nubank-cartao,media,padrao_categoria,,
43,2026-07-25T18:27:07-03:00,2025-01-17,gasto,51.23,B,Mercado/Supermercado,Comercial Ramin,credito,2025-02-22,nubank-cartao,media,padrao_categoria,,
44,2026-07-25T18:27:07-03:00,2025-01-17,gasto,69.05,A,Restaurantes/Lanches,Restaurante do Poxoreu,credito,2025-02-22,nubank-cartao,media,padrao_categoria,,
45,2026-07-25T18:27:07-03:00,2025-01-18,gasto,30.32,A,Restaurantes/Lanches,Restaurante do Poxoreu,credito,2025-02-22,nubank-cartao,media,padrao_categoria,,
46,2026-07-25T18:27:07-03:00,2025-01-18,gasto,31.0,A,Outros,Seven Grill,credito,2025-02-22,nubank-cartao,media,padrao_categoria,,
47,2026-07-25T18:27:07-03:00,2025-01-19,gasto,21.9,A,Streaming,Ebn*Spotify,credito,2025-02-22,nubank-cartao,media,padrao_categoria,,
48,2026-07-25T18:27:07-03:00,2025-01-19,gasto,38.84,A,Outros,F R G Muller,credito,2025-02-22,nubank-cartao,media,padrao_categoria,,
49,2026-07-25T18:27:07-03:00,2025-01-19,gasto,24.49,A,Outros,K R Lopes de Castro Ci,credito,2025-02-22,nubank-cartao,media,padrao_categoria,,
50,2026-07-25T18:27:07-03:00,2025-01-20,gasto,10.69,A,Outros,Panevita Bagueteria,credito,2025-02-22,nubank-cartao,media,padrao_categoria,,
51,2026-07-25T18:27:07-03:00,2025-01-21,gasto,26.99,A,Outros,Demerge Bras*Twitch,credito,2025-02-22,nubank-cartao,media,padrao_categoria,,
52,2026-07-25T18:27:07-03:00,2025-01-22,gasto,226.14,A,Saúde/Academia,Cliniprev Odontologia - Parcela 1/4,credito,2025-02-22,nubank-cartao,media,padrao_categoria,,
53,2026-07-25T18:27:07-03:00,2025-01-22,gasto,17.17,A,Outros,K R Lopes de Castro Ci,credito,2025-02-22,nubank-cartao,media,padrao_categoria,,
54,2026-07-25T18:27:07-03:00,2025-01-22,gasto,5.9,A,Outros,Mp *Padariapaoour,credito,2025-02-22,nubank-cartao,media,padrao_categoria,,
55,2026-07-25T18:27:07-03:00,2025-01-23,gasto,69.93,A,Saúde/Academia,Cappta *Farmacia Econo,credito,2025-02-22,nubank-cartao,media,padrao_categoria,,
56,2026-07-25T18:27:07-03:00,2025-01-23,gasto,31.24,A,Outros,F R G Muller,credito,2025-02-22,nubank-cartao,media,padrao_categoria,,
57,2026-07-25T18:27:07-03:00,2025-01-23,gasto,11.66,B,Mercado/Supermercado,Comercial Ramin,credito,2025-02-22,nubank-cartao,media,padrao_categoria,,
58,2026-07-25T18:27:07-03:00,2025-01-23,gasto,50.0,A,Outros,Gold Barber,credito,2025-02-22,nubank-cartao,media,padrao_categoria,,
59,2026-07-25T18:27:07-03:00,2025-01-23,gasto,4.0,A,Pix p/ pessoas,Transferência enviada pelo Pix - M RODRIGUES BENDER EIRELI -,pix,,nubank-conta,media,padrao_categoria,,
60,2026-07-25T18:27:07-03:00,2025-01-23,gasto,4.0,A,Pix p/ pessoas,Transferência enviada pelo Pix - M RODRIGUES BENDER EIRELI -,pix,,nubank-conta,media,padrao_categoria,,
61,2026-07-25T18:27:07-03:00,2025-01-24,gasto,5.6,A,Outros,Mp *Padariapaoour,credito,2025-02-22,nubank-cartao,media,padrao_categoria,,
62,2026-07-25T18:27:07-03:00,2025-01-24,gasto,63.9,B,Mercado/Supermercado,Comercial Ramin,credito,2025-02-22,nubank-cartao,media,padrao_categoria,,
63,2026-07-25T18:27:07-03:00,2025-01-24,gasto,217.02,A,Pix p/ pessoas,IGOR ROBERTO MICHALSKI DE SOUZA,credito,2025-02-22,nubank-cartao,media,padrao_categoria,,
64,2026-07-25T18:27:07-03:00,2025-01-24,receita,700.0,B,Outros,ajuda do pai,pix,,nubank-conta,alta,dito,,
65,2026-07-25T18:27:07-03:00,2025-01-24,gasto,107.7,A,Pix p/ pessoas,Transferência enviada pelo Pix - Agatha Bezerra de Oliveira ,pix,,nubank-conta,media,padrao_categoria,,
66,2026-07-25T18:27:07-03:00,2025-01-25,gasto,48.09,B,Mercado/Supermercado,Comercial Ramin,credito,2025-02-22,nubank-cartao,media,padrao_categoria,,
67,2026-07-25T18:27:07-03:00,2025-01-26,gasto,10.0,A,Restaurantes/Lanches,Restaurante Tradicao G,credito,2025-02-22,nubank-cartao,media,padrao_categoria,,
68,2026-07-25T18:27:07-03:00,2025-01-26,gasto,9.9,A,Outros,Churrascaria,credito,2025-02-22,nubank-cartao,media,padrao_categoria,,
69,2026-07-25T18:27:07-03:00,2025-01-26,gasto,6.0,A,Restaurantes/Lanches,Lanchonete,credito,2025-02-22,nubank-cartao,media,padrao_categoria,,
70,2026-07-25T18:27:07-03:00,2025-01-30,gasto,32.0,A,Outros,Econoroeste,credito,2025-02-22,nubank-cartao,media,padrao_categoria,,
71,2026-07-25T18:27:07-03:00,2025-01-30,gasto,41.0,A,Outros,Ribeirao,credito,2025-02-22,nubank-cartao,media,padrao_categoria,,
72,2026-07-25T18:27:07-03:00,2025-01-30,gasto,18.5,A,Outros,Star 89 Ribeirao Sho,credito,2025-02-22,nubank-cartao,media,padrao_categoria,,
73,2026-07-25T18:27:07-03:00,2025-02-01,receita,350.0,B,Outros,ajuda do pai,pix,,nubank-conta,alta,dito,,
74,2026-07-25T18:27:07-03:00,2025-02-02,gasto,12.0,A,Outros,Compra no débito - Vale do Araguaia,debito,,nubank-conta,media,padrao_categoria,,
75,2026-07-25T18:27:07-03:00,2025-02-03,gasto,5.0,A,Outros,Conveniencia Cristal,credito,2025-02-22,nubank-cartao,media,padrao_categoria,,
76,2026-07-25T18:27:07-03:00,2025-02-03,gasto,9.5,A,Outros,Conveniencia Cristal,credito,2025-02-22,nubank-cartao,media,padrao_categoria,,
77,2026-07-25T18:27:07-03:00,2025-02-04,gasto,3.0,A,Outros,Casa do Pedreiro Prim,credito,2025-02-22,nubank-cartao,media,padrao_categoria,,
78,2026-07-25T18:27:07-03:00,2025-02-04,gasto,5.0,A,Outros,Mp *Casadooleirotrufa,credito,2025-02-22,nubank-cartao,media,padrao_categoria,,
79,2026-07-25T18:27:07-03:00,2025-02-04,gasto,25.5,A,Outros,Compra no débito - Velenice Dias de Almei,debito,,nubank-conta,media,padrao_categoria,,
80,2026-07-25T18:27:07-03:00,2025-02-04,gasto,59.75,A,Outros,Compra no débito - Velenice Dias de Almei,debito,,nubank-conta,media,padrao_categoria,,
81,2026-07-25T18:27:07-03:00,2025-02-05,gasto,90.6,A,Outros,e R Wolff,credito,2025-02-22,nubank-cartao,media,padrao_categoria,,
82,2026-07-25T18:27:07-03:00,2025-02-05,gasto,60.42,B,Mercado/Supermercado,Comercial Ramin,credito,2025-02-22,nubank-cartao,media,padrao_categoria,,
83,2026-07-25T18:27:07-03:00,2025-02-06,gasto,2.97,A,Streaming,Transferência enviada pelo Pix - GGMAX - 46.018.667/0001-12 ,pix,,nubank-conta,media,padrao_categoria,,
84,2026-07-25T18:27:07-03:00,2025-02-08,gasto,93.92,B,Mercado/Supermercado,Machadao Atacadista,credito,2025-02-22,nubank-cartao,media,padrao_categoria,,
85,2026-07-25T18:27:07-03:00,2025-02-08,gasto,16.0,A,Outros,Eliane Clementino Car,credito,2025-02-22,nubank-cartao,media,padrao_categoria,,
86,2026-07-25T18:27:07-03:00,2025-02-08,gasto,50.0,A,Outros,Gold Barber,credito,2025-02-22,nubank-cartao,media,padrao_categoria,,
87,2026-07-25T18:27:07-03:00,2025-02-09,gasto,39.78,A,Restaurantes/Lanches,Churrascaria e Lancho,credito,2025-02-22,nubank-cartao,media,padrao_categoria,,
88,2026-07-25T18:27:07-03:00,2025-02-09,gasto,53.9,A,Outros,Hermanito Buriti,credito,2025-02-22,nubank-cartao,media,padrao_categoria,,
89,2026-07-25T18:27:07-03:00,2025-02-09,gasto,122.32,B,Combustível,Posto Serra das Araras,credito,2025-02-22,nubank-cartao,media,padrao_categoria,,
90,2026-07-25T18:27:07-03:00,2025-02-09,gasto,75.0,B,Combustível,Posto Terra Santa,credito,2025-02-22,nubank-cartao,media,padrao_categoria,,
91,2026-07-25T18:27:07-03:00,2025-02-10,gasto,8.0,B,Mercado/Supermercado,Supermercado Alves,credito,2025-02-22,nubank-cartao,media,padrao_categoria,,
92,2026-07-25T18:27:07-03:00,2025-02-10,gasto,89.8,A,Outros,Sansarah,credito,2025-02-22,nubank-cartao,media,padrao_categoria,,
93,2026-07-25T18:27:07-03:00,2025-02-10,gasto,114.27,A,Outros,T&F Investimentos,credito,2025-02-22,nubank-cartao,media,padrao_categoria,,
94,2026-07-25T18:27:07-03:00,2025-02-11,gasto,349.9,A,Serviços online/Tech,Transferência enviada pelo Pix - Amazon Serviços de Varejo d,pix,,nubank-conta,media,padrao_categoria,,
95,2026-07-25T18:27:07-03:00,2025-02-13,gasto,311.62,A,Outros,Grupo Rio Quente Adm,credito,2025-02-22,nubank-cartao,media,padrao_categoria,,
96,2026-07-25T18:27:07-03:00,2025-02-14,gasto,71.85,B,Combustível,Auto Posto Beira Lago,credito,2025-02-22,nubank-cartao,media,padrao_categoria,,
97,2026-07-25T18:27:07-03:00,2025-02-14,gasto,50.06,A,Outros,Postos Dume,credito,2025-02-22,nubank-cartao,media,padrao_categoria,,
98,2026-07-25T18:27:07-03:00,2025-02-14,gasto,148.0,B,Combustível,Auto Posto Brasilia,credito,2025-02-22,nubank-cartao,media,padrao_categoria,,
99,2026-07-25T18:27:07-03:00,2025-02-14,gasto,188.11,A,Serviços online/Tech,Transferência enviada pelo Pix - KaBuM - 05.570.714/0001-59 ,pix,,nubank-conta,media,padrao_categoria,,
100,2026-07-25T18:27:07-03:00,2025-02-15,gasto,125.33,A,Educação/Cursos,Ebn *Cambly - Parcela 6/12,credito,2025-03-22,nubank-cartao,media,padrao_categoria,,
101,2026-07-25T18:27:07-03:00,2025-02-15,gasto,226.12,A,Saúde/Academia,Cliniprev Odontologia - Parcela 2/4,credito,2025-03-22,nubank-cartao,media,padrao_categoria,,
102,2026-07-25T18:27:07-03:00,2025-02-15,gasto,187.88,A,Serviços online/Tech,Kabum - Parcela 9/10,credito,2025-03-22,nubank-cartao,media,padrao_categoria,,
103,2026-07-25T18:27:07-03:00,2025-02-15,gasto,5.0,A,Pix p/ pessoas,Transferência enviada pelo Pix - Agatha Bezerra de Oliveira ,pix,,nubank-conta,media,padrao_categoria,,
104,2026-07-25T18:27:07-03:00,2025-02-15,gasto,9.0,B,Mercado/Supermercado,Transferência enviada pelo Pix - Nelson da Silva Lopes - •••,pix,,nubank-conta,media,padrao_categoria,,
105,2026-07-25T18:27:07-03:00,2025-02-15,gasto,107.07,B,Combustível,Compra no débito - Auto Posto Guaicurus,debito,,nubank-conta,media,padrao_categoria,,
106,2026-07-25T18:27:07-03:00,2025-02-15,gasto,50.25,A,Viagem/Passagens,Transferência enviada pelo Pix - VIACAO DOURADOS LTDA - 06.2,pix,,nubank-conta,media,padrao_categoria,,
107,2026-07-25T18:27:07-03:00,2025-02-16,gasto,18.0,A,Outros,Flash Lavagem Expressa,credito,2025-03-22,nubank-cartao,media,padrao_categoria,,
108,2026-07-25T18:27:07-03:00,2025-02-16,gasto,36.0,A,Restaurantes/Lanches,Pao Dourado,credito,2025-03-22,nubank-cartao,media,padrao_categoria,,
109,2026-07-25T18:27:07-03:00,2025-02-16,gasto,52.18,A,Restaurantes/Lanches,Boulevard Food,credito,2025-03-22,nubank-cartao,media,padrao_categoria,,
110,2026-07-25T18:27:07-03:00,2025-02-17,gasto,97.19,B,Mercado/Supermercado,Leve Max,credito,2025-03-22,nubank-cartao,media,padrao_categoria,,
111,2026-07-25T18:27:07-03:00,2025-02-17,gasto,253.57,B,Mercado/Supermercado,Melo e Cuenca e Filhos,credito,2025-03-22,nubank-cartao,media,padrao_categoria,,
112,2026-07-25T18:27:07-03:00,2025-02-17,gasto,19.9,A,Restaurantes/Lanches,The Best,credito,2025-03-22,nubank-cartao,media,padrao_categoria,,
113,2026-07-25T18:27:07-03:00,2025-02-17,receita,500.0,B,Outros,ajuda do pai,pix,,nubank-conta,alta,dito,,
114,2026-07-25T18:27:07-03:00,2025-02-18,gasto,110.0,A,Saúde/Academia,Iron Gym,credito,2025-03-22,nubank-cartao,media,padrao_categoria,,
115,2026-07-25T18:27:07-03:00,2025-02-18,gasto,55.0,A,Outros,"Pagamento de boleto efetuado - FUNDACAO DE APOIO AO ENSINO, ",debito,,nubank-conta,media,padrao_categoria,,
116,2026-07-25T18:27:07-03:00,2025-02-19,gasto,21.9,A,Streaming,Ebn*Spotify,credito,2025-03-22,nubank-cartao,media,padrao_categoria,,
117,2026-07-25T18:27:07-03:00,2025-02-19,gasto,59.0,A,Restaurantes/Lanches,Diner Burger,credito,2025-03-22,nubank-cartao,media,padrao_categoria,,
118,2026-07-25T18:27:07-03:00,2025-02-21,gasto,64.0,A,Restaurantes/Lanches,Getulios Lanches,credito,2025-03-22,nubank-cartao,media,padrao_categoria,,
119,2026-07-25T18:27:07-03:00,2025-02-21,gasto,87.76,A,Outros,Pg *Ton,credito,2025-03-22,nubank-cartao,media,padrao_categoria,,
120,2026-07-25T18:27:07-03:00,2025-02-21,gasto,26.99,A,Outros,Dm *Twitch,credito,2025-03-22,nubank-cartao,media,padrao_categoria,,
121,2026-07-25T18:27:07-03:00,2025-02-21,gasto,2.97,A,Streaming,Transferência enviada pelo Pix - GGMAX - 46.018.667/0001-12 ,pix,,nubank-conta,media,padrao_categoria,,
122,2026-07-25T18:27:07-03:00,2025-02-22,gasto,10.0,A,Outros,Rolparferramentas,credito,2025-03-22,nubank-cartao,media,padrao_categoria,,
123,2026-07-25T18:27:07-03:00,2025-02-22,gasto,184.0,A,Outros,Cantinho do Peixe,credito,2025-03-22,nubank-cartao,media,padrao_categoria,,
124,2026-07-25T18:27:07-03:00,2025-02-22,gasto,35.0,A,Pix p/ pessoas,Transferência enviada pelo Pix - Agatha Bezerra de Oliveira ,pix,,nubank-conta,media,padrao_categoria,,
125,2026-07-25T18:27:07-03:00,2025-02-23,gasto,100.42,B,Mercado/Supermercado,Melo e Cuenca e Filhos,credito,2025-03-22,nubank-cartao,media,padrao_categoria,,
126,2026-07-25T18:27:07-03:00,2025-02-23,gasto,15.0,A,Outros,Ploc Ploc Pipocaria,credito,2025-03-22,nubank-cartao,media,padrao_categoria,,
127,2026-07-25T18:27:07-03:00,2025-02-23,gasto,40.97,B,Mercado/Supermercado,Leve Max,credito,2025-03-22,nubank-cartao,media,padrao_categoria,,
128,2026-07-25T18:27:07-03:00,2025-02-23,receita,400.0,B,Outros,ajuda do pai,pix,,nubank-conta,alta,dito,,
129,2026-07-25T18:27:07-03:00,2025-02-23,gasto,16.5,A,Pix p/ pessoas,Transferência enviada pelo Pix - Agatha Bezerra de Oliveira ,pix,,nubank-conta,media,padrao_categoria,,
130,2026-07-25T18:27:07-03:00,2025-02-24,gasto,71.0,A,Restaurantes/Lanches,Santa Pizza,credito,2025-03-22,nubank-cartao,media,padrao_categoria,,
131,2026-07-25T18:27:07-03:00,2025-02-24,gasto,15.0,A,Outros,Estacenter - Ljm,credito,2025-03-22,nubank-cartao,media,padrao_categoria,,
132,2026-07-25T18:27:07-03:00,2025-02-24,gasto,143.16,A,Outros,GUICHE WEB COMERCIALIZACAO DE INGRESSOS LTDA ME,credito,2025-03-22,nubank-cartao,media,padrao_categoria,,
133,2026-07-25T18:27:07-03:00,2025-02-27,gasto,4.0,A,Restaurantes/Lanches,Pastelaria O Rei do Pa,credito,2025-03-22,nubank-cartao,media,padrao_categoria,,
134,2026-07-25T18:27:07-03:00,2025-02-28,gasto,35.0,A,Outros,Mi Reparacao,credito,2025-03-22,nubank-cartao,media,padrao_categoria,,
135,2026-07-25T18:27:07-03:00,2025-03-01,receita,350.0,B,Outros,ajuda do pai,pix,,nubank-conta,alta,dito,,
136,2026-07-25T18:27:07-03:00,2025-03-01,gasto,8.0,A,Pix p/ pessoas,Transferência enviada pelo Pix - Agatha Bezerra de Oliveira ,pix,,nubank-conta,media,padrao_categoria,,
137,2026-07-25T18:27:07-03:00,2025-03-02,gasto,51.88,A,Restaurantes/Lanches,The Best Acai Presiden,credito,2025-03-22,nubank-cartao,media,padrao_categoria,,
138,2026-07-25T18:27:07-03:00,2025-03-02,gasto,22.96,A,Outros,Agl e Silva,credito,2025-03-22,nubank-cartao,media,padrao_categoria,,
139,2026-07-25T18:27:07-03:00,2025-03-05,gasto,345.0,A,Outros,"Pagamento de boleto efetuado - FUNDACAO DE APOIO AO ENSINO, ",debito,,nubank-conta,media,padrao_categoria,,
140,2026-07-25T18:27:07-03:00,2025-03-05,gasto,250.0,A,Pix p/ pessoas,Transferência enviada pelo Pix - Agatha Bezerra de Oliveira ,pix,,nubank-conta,media,padrao_categoria,,
141,2026-07-25T18:27:07-03:00,2025-03-06,gasto,165.73,A,Outros,Postoserraverde,credito,2025-03-22,nubank-cartao,media,padrao_categoria,,
142,2026-07-25T18:27:07-03:00,2025-03-06,gasto,17.24,B,Mercado/Supermercado,Leve Max,credito,2025-03-22,nubank-cartao,media,padrao_categoria,,
143,2026-07-25T18:27:07-03:00,2025-03-07,gasto,27.99,A,iFood,Ifd*52.606.931 Priscil,credito,2025-03-22,nubank-cartao,media,padrao_categoria,,
144,2026-07-25T18:27:07-03:00,2025-03-07,gasto,13.0,A,Outros,Esquina do Espeto,credito,2025-03-22,nubank-cartao,media,padrao_categoria,,
145,2026-07-25T18:27:07-03:00,2025-03-07,gasto,0.99,A,iFood,Ifd*55.489.936 Fabiola,credito,2025-03-22,nubank-cartao,media,padrao_categoria,,
146,2026-07-25T18:27:07-03:00,2025-03-07,receita,350.0,B,Outros,ajuda do pai,pix,,nubank-conta,alta,dito,,
147,2026-07-25T18:27:07-03:00,2025-03-07,gasto,135.0,A,Outros,"Pagamento de boleto efetuado - FUNDACAO DE APOIO AO ENSINO, ",debito,,nubank-conta,media,padrao_categoria,,
148,2026-07-25T18:27:07-03:00,2025-03-08,gasto,8.0,A,Outros,Cm Parafusos e Ferra,credito,2025-03-22,nubank-cartao,media,padrao_categoria,,
149,2026-07-25T18:27:07-03:00,2025-03-08,gasto,26.0,A,Outros,Flavio Batista Richett,credito,2025-03-22,nubank-cartao,media,padrao_categoria,,
150,2026-07-25T18:27:07-03:00,2025-03-08,gasto,41.6,B,Mercado/Supermercado,Leve Max,credito,2025-03-22,nubank-cartao,media,padrao_categoria,,
151,2026-07-25T18:27:07-03:00,2025-03-08,gasto,116.12,B,Mercado/Supermercado,Melo e Cuenca e Filhos,credito,2025-03-22,nubank-cartao,media,padrao_categoria,,
152,2026-07-25T18:27:07-03:00,2025-03-08,gasto,57.98,A,Restaurantes/Lanches,Boulevard Food,credito,2025-03-22,nubank-cartao,media,padrao_categoria,,
153,2026-07-25T18:27:07-03:00,2025-03-08,gasto,18.0,A,Outros,Rolparferramentas,credito,2025-03-22,nubank-cartao,media,padrao_categoria,,
154,2026-07-25T18:27:07-03:00,2025-03-08,gasto,57.5,A,Pix p/ pessoas,Transferência enviada pelo Pix - Agatha Bezerra de Oliveira ,pix,,nubank-conta,media,padrao_categoria,,
155,2026-07-25T18:27:07-03:00,2025-03-09,gasto,83.0,A,Restaurantes/Lanches,Boulevard Food,credito,2025-03-22,nubank-cartao,media,padrao_categoria,,
156,2026-07-25T18:27:07-03:00,2025-03-09,gasto,18.88,A,Outros,Gela Boca,credito,2025-03-22,nubank-cartao,media,padrao_categoria,,
157,2026-07-25T18:27:07-03:00,2025-03-10,gasto,19.0,A,Outros,Gelato Borelli,credito,2025-03-22,nubank-cartao,media,padrao_categoria,,
158,2026-07-25T18:27:07-03:00,2025-03-11,gasto,30.0,B,Combustível,Auto Posto Guaicurus,credito,2025-03-22,nubank-cartao,media,padrao_categoria,,
159,2026-07-25T18:27:07-03:00,2025-03-11,gasto,166.8,A,Serviços online/Tech,Amazonprimebr,credito,2025-03-22,nubank-cartao,media,padrao_categoria,,
160,2026-07-25T18:27:07-03:00,2025-03-11,gasto,2.0,A,Restaurantes/Lanches,Pastelaria O Rei do Pa,credito,2025-03-22,nubank-cartao,media,padrao_categoria,,
161,2026-07-25T18:27:07-03:00,2025-03-12,gasto,2.0,A,Restaurantes/Lanches,Pastelaria O Rei do Pa,credito,2025-03-22,nubank-cartao,media,padrao_categoria,,
162,2026-07-25T18:27:07-03:00,2025-03-13,gasto,130.0,A,Saúde/Academia,Cris Avila Strikers Te,credito,2025-03-22,nubank-cartao,media,padrao_categoria,,
163,2026-07-25T18:27:07-03:00,2025-03-13,gasto,2.0,A,Restaurantes/Lanches,Pastelaria O Rei do Pa,credito,2025-03-22,nubank-cartao,media,padrao_categoria,,
164,2026-07-25T18:27:07-03:00,2025-03-13,gasto,82.77,A,Outros,Abeve Albino Torraca,credito,2025-03-22,nubank-cartao,media,padrao_categoria,,
165,2026-07-25T18:27:07-03:00,2025-03-15,gasto,125.33,A,Educação/Cursos,Ebn *Cambly - Parcela 7/12,credito,2025-04-22,nubank-cartao,media,padrao_categoria,,
166,2026-07-25T18:27:07-03:00,2025-03-15,gasto,226.12,A,Saúde/Academia,Cliniprev Odontologia - Parcela 3/4,credito,2025-04-22,nubank-cartao,media,padrao_categoria,,
167,2026-07-25T18:27:07-03:00,2025-03-15,gasto,187.88,A,Serviços online/Tech,Kabum - Parcela 10/10,credito,2025-04-22,nubank-cartao,media,padrao_categoria,,
168,2026-07-25T18:27:07-03:00,2025-03-15,gasto,28.9,A,iFood,Ifd*L G Benatti,credito,2025-04-22,nubank-cartao,media,padrao_categoria,,
169,2026-07-25T18:27:07-03:00,2025-03-15,gasto,27.99,A,iFood,Ifd*M. L. L. Barros,credito,2025-04-22,nubank-cartao,media,padrao_categoria,,
170,2026-07-25T18:27:07-03:00,2025-03-16,gasto,94.03,B,Mercado/Supermercado,Melo e Cuenca e Filhos,credito,2025-04-22,nubank-cartao,media,padrao_categoria,,
171,2026-07-25T18:27:07-03:00,2025-03-16,gasto,30.5,A,Outros,49234227pedro,credito,2025-04-22,nubank-cartao,media,padrao_categoria,,
172,2026-07-25T18:27:07-03:00,2025-03-16,gasto,26.0,A,Restaurantes/Lanches,Restaurante Spetos,credito,2025-04-22,nubank-cartao,media,padrao_categoria,,
173,2026-07-25T18:27:07-03:00,2025-03-16,gasto,207.58,A,Outros,Hub*Estantevirtua,credito,2025-04-22,nubank-cartao,media,padrao_categoria,,
174,2026-07-25T18:27:07-03:00,2025-03-16,gasto,33.77,B,Mercado/Supermercado,Leve Max,credito,2025-04-22,nubank-cartao,media,padrao_categoria,,
175,2026-07-25T18:27:07-03:00,2025-03-16,receita,350.0,B,Outros,ajuda do pai,pix,,nubank-conta,alta,dito,,
176,2026-07-25T18:27:07-03:00,2025-03-17,gasto,20.0,A,Restaurantes/Lanches,The Best,credito,2025-04-22,nubank-cartao,media,padrao_categoria,,
177,2026-07-25T18:27:07-03:00,2025-03-17,gasto,14.96,A,Streaming,Transferência enviada pelo Pix - GGMAX - 46.018.667/0001-12 ,pix,,nubank-conta,media,padrao_categoria,,
178,2026-07-25T18:27:07-03:00,2025-03-19,gasto,70.03,B,Mercado/Supermercado,Melo e Cuenca e Filhos,credito,2025-04-22,nubank-cartao,media,padrao_categoria,,
179,2026-07-25T18:27:07-03:00,2025-03-19,gasto,9.0,A,Restaurantes/Lanches,Pastelaria O Rei do Pa,credito,2025-04-22,nubank-cartao,media,padrao_categoria,,
180,2026-07-25T18:27:07-03:00,2025-03-19,gasto,110.0,A,Saúde/Academia,Iron Gym,credito,2025-04-22,nubank-cartao,media,padrao_categoria,,
181,2026-07-25T18:27:07-03:00,2025-03-19,gasto,21.9,A,Streaming,Ebn *Spotify,credito,2025-04-22,nubank-cartao,media,padrao_categoria,,
182,2026-07-25T18:27:07-03:00,2025-03-20,gasto,2.0,A,Restaurantes/Lanches,Pastelaria O Rei do Pa,credito,2025-04-22,nubank-cartao,media,padrao_categoria,,
183,2026-07-25T18:27:07-03:00,2025-03-21,gasto,26.99,A,Outros,Demerge Bras*Twitch,credito,2025-04-22,nubank-cartao,media,padrao_categoria,,
184,2026-07-25T18:27:07-03:00,2025-03-21,gasto,10.45,A,Outros,Abeve Albino Torraca,credito,2025-04-22,nubank-cartao,media,padrao_categoria,,
185,2026-07-25T18:27:07-03:00,2025-03-21,gasto,31.5,A,Outros,49234227pedro,credito,2025-04-22,nubank-cartao,media,padrao_categoria,,
186,2026-07-25T18:27:07-03:00,2025-03-21,gasto,87.76,A,Outros,Pg *Ton,credito,2025-04-22,nubank-cartao,media,padrao_categoria,,
187,2026-07-25T18:27:07-03:00,2025-03-22,gasto,50.11,B,Combustível,Auto Posto Universit,credito,2025-04-22,nubank-cartao,media,padrao_categoria,,
188,2026-07-25T18:27:07-03:00,2025-03-22,gasto,48.0,A,Outros,Compra no débito - Cines Avenida Center,debito,,nubank-conta,media,padrao_categoria,,
189,2026-07-25T18:27:07-03:00,2025-03-23,gasto,0.94,B,Mercado/Supermercado,Comper,credito,2025-04-22,nubank-cartao,media,padrao_categoria,,
190,2026-07-25T18:27:07-03:00,2025-03-23,gasto,34.0,A,Outros,Bobs Q Shopping Dourad,credito,2025-04-22,nubank-cartao,media,padrao_categoria,,
191,2026-07-25T18:27:07-03:00,2025-03-23,gasto,203.42,A,Outros,Total,credito,2025-04-22,nubank-cartao,media,padrao_categoria,,
192,2026-07-25T18:27:07-03:00,2025-03-23,gasto,8.99,A,Outros,Lojas Americanas,credito,2025-04-22,nubank-cartao,media,padrao_categoria,,
193,2026-07-25T18:27:07-03:00,2025-03-23,gasto,15.0,A,Outros,Ploc Ploc Pipocaria,credito,2025-04-22,nubank-cartao,media,padrao_categoria,,
194,2026-07-25T18:27:07-03:00,2025-03-23,gasto,103.43,B,Mercado/Supermercado,Melo e Cuenca e Filhos,credito,2025-04-22,nubank-cartao,media,padrao_categoria,,
195,2026-07-25T18:27:07-03:00,2025-03-23,gasto,26.36,B,Mercado/Supermercado,Leve Max,credito,2025-04-22,nubank-cartao,media,padrao_categoria,,
196,2026-07-25T18:27:07-03:00,2025-03-23,receita,350.0,B,Outros,ajuda do pai,pix,,nubank-conta,alta,dito,,
197,2026-07-25T18:27:07-03:00,2025-03-24,gasto,15.0,A,Outros,Estacenter - Ljm,credito,2025-04-22,nubank-cartao,media,padrao_categoria,,
198,2026-07-25T18:27:07-03:00,2025-03-24,gasto,65.33,A,Viagem/Passagens,Transferência enviada pelo Pix - VIACAO DOURADOS LTDA - 06.2,pix,,nubank-conta,media,padrao_categoria,,
199,2026-07-25T18:27:07-03:00,2025-03-25,gasto,286.0,A,Outros,Nickolasyugo,credito,2025-04-22,nubank-cartao,media,padrao_categoria,,
200,2026-07-25T18:27:07-03:00,2025-03-26,gasto,2.0,A,Restaurantes/Lanches,Pastelaria O Rei do Pa,credito,2025-04-22,nubank-cartao,media,padrao_categoria,,
201,2026-07-25T18:27:07-03:00,2025-03-27,gasto,2.0,A,Restaurantes/Lanches,Pastelaria O Rei do Pa,credito,2025-04-22,nubank-cartao,media,padrao_categoria,,
202,2026-07-25T18:27:07-03:00,2025-03-28,gasto,42.0,A,Outros,Dutra Ramos,credito,2025-04-22,nubank-cartao,media,padrao_categoria,,
203,2026-07-25T18:27:07-03:00,2025-03-30,gasto,15.98,B,Mercado/Supermercado,Leve Max,credito,2025-04-22,nubank-cartao,media,padrao_categoria,,
204,2026-07-25T18:27:07-03:00,2025-03-30,gasto,9.08,B,Mercado/Supermercado,Leve Max,credito,2025-04-22,nubank-cartao,media,padrao_categoria,,
205,2026-07-25T18:27:07-03:00,2025-03-30,gasto,104.26,B,Mercado/Supermercado,Melo e Cuenca e Filhos,credito,2025-04-22,nubank-cartao,media,padrao_categoria,,
206,2026-07-25T18:27:07-03:00,2025-03-30,receita,350.0,B,Outros,ajuda do pai,pix,,nubank-conta,alta,dito,,
207,2026-07-25T18:27:07-03:00,2025-03-31,gasto,21.35,A,Restaurantes/Lanches,The Best,credito,2025-04-22,nubank-cartao,media,padrao_categoria,,
208,2026-07-25T18:27:07-03:00,2025-03-31,gasto,11.83,B,Mercado/Supermercado,Leve Max,credito,2025-04-22,nubank-cartao,media,padrao_categoria,,
209,2026-07-25T18:27:07-03:00,2025-03-31,gasto,50.87,A,iFood,Ifd*Alipio Pio Goncalv,credito,2025-04-22,nubank-cartao,media,padrao_categoria,,
210,2026-07-25T18:27:07-03:00,2025-04-02,gasto,2.0,A,Restaurantes/Lanches,Pastelaria O Rei do Pa,credito,2025-04-22,nubank-cartao,media,padrao_categoria,,
211,2026-07-25T18:27:07-03:00,2025-04-03,gasto,7.49,B,Mercado/Supermercado,Leve Max,credito,2025-04-22,nubank-cartao,media,padrao_categoria,,
212,2026-07-25T18:27:07-03:00,2025-04-03,gasto,24.19,A,Outros,Maxi Popular Dourados,credito,2025-04-22,nubank-cartao,media,padrao_categoria,,
213,2026-07-25T18:27:07-03:00,2025-04-03,gasto,37.85,B,Mercado/Supermercado,Melo e Cuenca e Filhos,credito,2025-04-22,nubank-cartao,media,padrao_categoria,,
214,2026-07-25T18:27:07-03:00,2025-04-05,gasto,32.0,A,Restaurantes/Lanches,Mycaohotdog,credito,2025-04-22,nubank-cartao,media,padrao_categoria,,
215,2026-07-25T18:27:07-03:00,2025-04-05,gasto,212.0,A,Outros,Procopiu'S Boliche,credito,2025-04-22,nubank-cartao,media,padrao_categoria,,
216,2026-07-25T18:27:07-03:00,2025-04-05,gasto,90.09,A,Outros,Procopiu'S Boliche,credito,2025-04-22,nubank-cartao,media,padrao_categoria,,
217,2026-07-25T18:27:07-03:00,2025-04-05,gasto,25.83,A,Restaurantes/Lanches,The Best Acai,credito,2025-04-22,nubank-cartao,media,padrao_categoria,,
218,2026-07-25T18:27:07-03:00,2025-04-06,gasto,12.49,A,Outros,Abeve Albino Torraca,credito,2025-04-22,nubank-cartao,media,padrao_categoria,,
219,2026-07-25T18:27:07-03:00,2025-04-06,gasto,125.33,A,Educação/Cursos,Ebn *Cambly - Parcela 8/12,credito,2025-04-22,nubank-cartao,media,padrao_categoria,,
220,2026-07-25T18:27:07-03:00,2025-04-06,gasto,35.33,B,Mercado/Supermercado,Leve Max,credito,2025-04-22,nubank-cartao,media,padrao_categoria,,
221,2026-07-25T18:27:07-03:00,2025-04-06,gasto,226.12,A,Saúde/Academia,Cliniprev Odontologia - Parcela 4/4,credito,2025-04-22,nubank-cartao,media,padrao_categoria,,
222,2026-07-25T18:27:07-03:00,2025-04-06,gasto,161.03,B,Mercado/Supermercado,Melo e Cuenca e Filhos,credito,2025-04-22,nubank-cartao,media,padrao_categoria,,
223,2026-07-25T18:27:07-03:00,2025-04-06,receita,300.0,B,Outros,ajuda do pai,pix,,nubank-conta,alta,dito,,
224,2026-07-25T18:27:07-03:00,2025-04-07,gasto,72.98,A,Restaurantes/Lanches,Boulevard Food,credito,2025-04-22,nubank-cartao,media,padrao_categoria,,
225,2026-07-25T18:27:07-03:00,2025-04-08,gasto,18.23,A,iFood,Ifd*Joyce Marques Bati,credito,2025-04-22,nubank-cartao,media,padrao_categoria,,
226,2026-07-25T18:27:07-03:00,2025-04-08,gasto,52.28,B,Combustível,Auto Posto Universit,credito,2025-04-22,nubank-cartao,media,padrao_categoria,,
227,2026-07-25T18:27:07-03:00,2025-04-10,gasto,31.85,A,Outros,49234227pedro,credito,2025-04-22,nubank-cartao,media,padrao_categoria,,
228,2026-07-25T18:27:07-03:00,2025-04-11,gasto,12.0,A,Outros,Caseirinhos da Jaque,credito,2025-04-22,nubank-cartao,media,padrao_categoria,,
229,2026-07-25T18:27:07-03:00,2025-04-11,gasto,49.48,B,Mercado/Supermercado,Melo e Cuenca e Filhos,credito,2025-04-22,nubank-cartao,media,padrao_categoria,,
230,2026-07-25T18:27:07-03:00,2025-04-11,gasto,41.27,B,Mercado/Supermercado,Leve Max,credito,2025-04-22,nubank-cartao,media,padrao_categoria,,
231,2026-07-25T18:27:07-03:00,2025-04-13,gasto,52.57,B,Mercado/Supermercado,Melo e Cuenca e Filhos,credito,2025-04-22,nubank-cartao,media,padrao_categoria,,
232,2026-07-25T18:27:07-03:00,2025-04-13,gasto,7.89,B,Mercado/Supermercado,Leve Max,credito,2025-04-22,nubank-cartao,media,padrao_categoria,,
233,2026-07-25T18:27:07-03:00,2025-04-13,receita,350.0,B,Outros,ajuda do pai,pix,,nubank-conta,alta,dito,,
234,2026-07-25T18:27:07-03:00,2025-04-14,gasto,96.97,A,Restaurantes/Lanches,Boulevard Food,credito,2025-04-22,nubank-cartao,media,padrao_categoria,,
235,2026-07-25T18:27:07-03:00,2025-04-15,gasto,125.33,A,Educação/Cursos,Ebn *Cambly - Parcela 9/12,credito,2025-05-22,nubank-cartao,media,padrao_categoria,,
236,2026-07-25T18:27:07-03:00,2025-04-15,gasto,5.0,A,Restaurantes/Lanches,Pastelaria O Rei do Pa,credito,2025-05-22,nubank-cartao,media,padrao_categoria,,
237,2026-07-25T18:27:07-03:00,2025-04-16,gasto,7.0,A,Restaurantes/Lanches,Pastelaria O Rei do Pa,credito,2025-05-22,nubank-cartao,media,padrao_categoria,,
238,2026-07-25T18:27:07-03:00,2025-04-16,gasto,573.46,A,Viagem/Passagens,Viacao Motta,credito,2025-05-22,nubank-cartao,media,padrao_categoria,,
239,2026-07-25T18:27:07-03:00,2025-04-16,gasto,13.55,B,Mercado/Supermercado,Comper,credito,2025-05-22,nubank-cartao,media,padrao_categoria,,
240,2026-07-25T18:27:07-03:00,2025-04-17,gasto,141.43,A,Outros,Rdsaude Online,credito,2025-05-22,nubank-cartao,media,padrao_categoria,,
241,2026-07-25T18:27:07-03:00,2025-04-17,gasto,6.0,A,Outros,Criativa Papelaria e,credito,2025-05-22,nubank-cartao,media,padrao_categoria,,
242,2026-07-25T18:27:07-03:00,2025-04-17,gasto,9.28,B,Mercado/Supermercado,Murakamercado,credito,2025-05-22,nubank-cartao,media,padrao_categoria,,
243,2026-07-25T18:27:07-03:00,2025-04-18,gasto,10.6,A,Outros,Eixo Sp Concessionaria,credito,2025-05-22,nubank-cartao,media,padrao_categoria,,
244,2026-07-25T18:27:07-03:00,2025-04-19,gasto,21.9,A,Streaming,Ebn*Spotify,credito,2025-05-22,nubank-cartao,media,padrao_categoria,,
245,2026-07-25T18:27:07-03:00,2025-04-19,receita,150.0,B,Outros,ajuda do pai,pix,,nubank-conta,alta,dito,,
246,2026-07-25T18:27:07-03:00,2025-04-20,gasto,12.0,A,Outros,Barracabiano,credito,2025-05-22,nubank-cartao,media,padrao_categoria,,
247,2026-07-25T18:27:07-03:00,2025-04-21,gasto,88.9,A,Serviços online/Tech,Amazonmktplc*Novasdnco,credito,2025-05-22,nubank-cartao,media,padrao_categoria,,
248,2026-07-25T18:27:07-03:00,2025-04-21,gasto,201.2,A,Outros,Pg *Slv Suplementos,credito,2025-05-22,nubank-cartao,media,padrao_categoria,,
249,2026-07-25T18:27:07-03:00,2025-04-21,gasto,26.99,A,Outros,Dm *Twitch,credito,2025-05-22,nubank-cartao,media,padrao_categoria,,
250,2026-07-25T18:27:07-03:00,2025-04-22,receita,200.0,B,Outros,ajuda do pai,pix,,nubank-conta,alta,dito,,
251,2026-07-25T18:27:07-03:00,2025-04-23,gasto,3.0,A,Restaurantes/Lanches,Restaurante Paradouro,credito,2025-05-22,nubank-cartao,media,padrao_categoria,,
252,2026-07-25T18:27:07-03:00,2025-04-23,gasto,130.0,A,Saúde/Academia,Cris Avila Strikers Te,credito,2025-05-22,nubank-cartao,media,padrao_categoria,,
253,2026-07-25T18:27:07-03:00,2025-04-23,gasto,50.0,B,Combustível,Auto Posto Guaicurus,credito,2025-05-22,nubank-cartao,media,padrao_categoria,,
254,2026-07-25T18:27:07-03:00,2025-04-23,gasto,60.33,B,Mercado/Supermercado,Leve Max,credito,2025-05-22,nubank-cartao,media,padrao_categoria,,
255,2026-07-25T18:27:07-03:00,2025-04-23,gasto,33.0,A,Outros,Martinsrodrigues,credito,2025-05-22,nubank-cartao,media,padrao_categoria,,
256,2026-07-25T18:27:07-03:00,2025-04-23,gasto,15.7,A,Outros,Pop 22abr 12h24min,credito,2025-05-22,nubank-cartao,media,padrao_categoria,,
257,2026-07-25T18:27:07-03:00,2025-04-23,gasto,32.0,A,Restaurantes/Lanches,Restaurante Spetos,credito,2025-05-22,nubank-cartao,media,padrao_categoria,,
258,2026-07-25T18:27:07-03:00,2025-04-23,gasto,78.61,B,Mercado/Supermercado,Melo e Cuenca e Filhos,credito,2025-05-22,nubank-cartao,media,padrao_categoria,,
259,2026-07-25T18:27:07-03:00,2025-04-23,gasto,154.34,A,Outros,Pago Parcelado,credito,2025-05-22,nubank-cartao,media,padrao_categoria,,
260,2026-07-25T18:27:07-03:00,2025-04-24,gasto,5.0,A,Restaurantes/Lanches,Pastelaria O Rei do Pa,credito,2025-05-22,nubank-cartao,media,padrao_categoria,,
261,2026-07-25T18:27:07-03:00,2025-04-24,gasto,28.37,A,iFood,Ifd*52.606.931 Priscil,credito,2025-05-22,nubank-cartao,media,padrao_categoria,,
262,2026-07-25T18:27:07-03:00,2025-04-24,gasto,110.0,A,Saúde/Academia,Iron Gym,credito,2025-05-22,nubank-cartao,media,padrao_categoria,,
263,2026-07-25T18:27:07-03:00,2025-04-25,gasto,87.76,A,Outros,Nutricionista Samara G,credito,2025-05-22,nubank-cartao,media,padrao_categoria,,
264,2026-07-25T18:27:07-03:00,2025-04-26,receita,350.0,B,Outros,ajuda do pai,pix,,nubank-conta,alta,dito,,
265,2026-07-25T18:27:07-03:00,2025-04-27,gasto,24.19,A,Outros,Maxi Popular Dourados,credito,2025-05-22,nubank-cartao,media,padrao_categoria,,
266,2026-07-25T18:27:07-03:00,2025-04-27,gasto,77.8,B,Mercado/Supermercado,Melo e Cuenca e Filhos,credito,2025-05-22,nubank-cartao,media,padrao_categoria,,
267,2026-07-25T18:27:07-03:00,2025-04-27,gasto,64.79,B,Mercado/Supermercado,Leve Max,credito,2025-05-22,nubank-cartao,media,padrao_categoria,,
268,2026-07-25T18:27:07-03:00,2025-04-28,gasto,69.0,A,Restaurantes/Lanches,Santa Pizza,credito,2025-05-22,nubank-cartao,media,padrao_categoria,,
269,2026-07-25T18:27:07-03:00,2025-04-28,gasto,26.76,A,Restaurantes/Lanches,The Best,credito,2025-05-22,nubank-cartao,media,padrao_categoria,,
270,2026-07-25T18:27:07-03:00,2025-05-01,gasto,10.0,A,Outros,Roberto Carlos Lemes,credito,2025-05-22,nubank-cartao,media,padrao_categoria,,
271,2026-07-25T18:27:07-03:00,2025-05-01,gasto,5.0,A,Restaurantes/Lanches,Getulios Lanches,credito,2025-05-22,nubank-cartao,media,padrao_categoria,,
272,2026-07-25T18:27:07-03:00,2025-05-02,gasto,28.91,A,Outros,Pao e Companhia,credito,2025-05-22,nubank-cartao,media,padrao_categoria,,
273,2026-07-25T18:27:07-03:00,2025-05-02,gasto,30.0,A,iFood,Ifd*Getulios Lanches L,credito,2025-05-22,nubank-cartao,media,padrao_categoria,,
274,2026-07-25T18:27:07-03:00,2025-05-02,gasto,152.6,A,Outros,Bellasobaria,credito,2025-05-22,nubank-cartao,media,padrao_categoria,,
275,2026-07-25T18:27:07-03:00,2025-05-03,gasto,126.43,B,Mercado/Supermercado,Melo e Cuenca e Filhos,credito,2025-05-22,nubank-cartao,media,padrao_categoria,,
276,2026-07-25T18:27:07-03:00,2025-05-03,gasto,25.75,B,Mercado/Supermercado,Leve Max,credito,2025-05-22,nubank-cartao,media,padrao_categoria,,
277,2026-07-25T18:27:07-03:00,2025-05-04,receita,400.0,B,Outros,ajuda do pai,pix,,nubank-conta,alta,dito,,
278,2026-07-25T18:27:07-03:00,2025-05-04,gasto,11.0,A,Pix p/ pessoas,Transferência enviada pelo Pix - Agatha Bezerra de Oliveira ,pix,,nubank-conta,media,padrao_categoria,,
279,2026-07-25T18:27:07-03:00,2025-05-04,gasto,20.96,A,Pix p/ pessoas,Transferência enviada pelo Pix - Agatha Bezerra de Oliveira ,pix,,nubank-conta,media,padrao_categoria,,
280,2026-07-25T18:27:07-03:00,2025-05-06,gasto,5.0,A,Restaurantes/Lanches,Pastelaria O Rei do Pa,credito,2025-05-22,nubank-cartao,media,padrao_categoria,,
281,2026-07-25T18:27:07-03:00,2025-05-06,gasto,53.08,B,Mercado/Supermercado,Leve Max,credito,2025-05-22,nubank-cartao,media,padrao_categoria,,
282,2026-07-25T18:27:07-03:00,2025-05-07,gasto,291.62,A,Viagem/Passagens,Avianca 4e5qha_295 - Parcela 1/10,credito,2025-05-22,nubank-cartao,media,padrao_categoria,,
283,2026-07-25T18:27:07-03:00,2025-05-09,gasto,60.02,B,Mercado/Supermercado,Melo e Cuenca e Filhos,credito,2025-05-22,nubank-cartao,media,padrao_categoria,,
284,2026-07-25T18:27:07-03:00,2025-05-09,gasto,46.36,B,Mercado/Supermercado,Leve Max,credito,2025-05-22,nubank-cartao,media,padrao_categoria,,
285,2026-07-25T18:27:07-03:00,2025-05-10,gasto,291.58,A,Viagem/Passagens,Avianca 4e5qha_295 - Parcela 3/10,credito,2025-05-22,nubank-cartao,media,padrao_categoria,,
286,2026-07-25T18:27:07-03:00,2025-05-10,gasto,291.58,A,Viagem/Passagens,Avianca 4e5qha_295 - Parcela 7/10,credito,2025-05-22,nubank-cartao,media,padrao_categoria,,
287,2026-07-25T18:27:07-03:00,2025-05-10,gasto,291.58,A,Viagem/Passagens,Avianca 4e5qha_295 - Parcela 4/10,credito,2025-05-22,nubank-cartao,media,padrao_categoria,,
288,2026-07-25T18:27:07-03:00,2025-05-10,gasto,291.58,A,Viagem/Passagens,Avianca 4e5qha_295 - Parcela 5/10,credito,2025-05-22,nubank-cartao,media,padrao_categoria,,
289,2026-07-25T18:27:07-03:00,2025-05-10,gasto,291.58,A,Viagem/Passagens,Avianca 4e5qha_295 - Parcela 2/10,credito,2025-05-22,nubank-cartao,media,padrao_categoria,,
290,2026-07-25T18:27:07-03:00,2025-05-10,gasto,291.58,A,Viagem/Passagens,Avianca 4e5qha_295 - Parcela 8/10,credito,2025-05-22,nubank-cartao,media,padrao_categoria,,
291,2026-07-25T18:27:07-03:00,2025-05-10,gasto,291.58,A,Viagem/Passagens,Avianca 4e5qha_295 - Parcela 9/10,credito,2025-05-22,nubank-cartao,media,padrao_categoria,,
292,2026-07-25T18:27:07-03:00,2025-05-10,gasto,291.58,A,Viagem/Passagens,Avianca 4e5qha_295 - Parcela 6/10,credito,2025-05-22,nubank-cartao,media,padrao_categoria,,
293,2026-07-25T18:27:07-03:00,2025-05-10,gasto,291.58,A,Viagem/Passagens,Avianca 4e5qha_295 - Parcela 10/10,credito,2025-05-22,nubank-cartao,media,padrao_categoria,,
294,2026-07-25T18:27:07-03:00,2025-05-11,gasto,90.72,B,Mercado/Supermercado,Melo e Cuenca e Filhos,credito,2025-05-22,nubank-cartao,media,padrao_categoria,,
295,2026-07-25T18:27:07-03:00,2025-05-11,gasto,39.59,B,Mercado/Supermercado,Leve Max,credito,2025-05-22,nubank-cartao,media,padrao_categoria,,
296,2026-07-25T18:27:07-03:00,2025-05-11,gasto,17.12,A,iFood,Ifd*52.606.931 Priscil,credito,2025-05-22,nubank-cartao,media,padrao_categoria,,
297,2026-07-25T18:27:07-03:00,2025-05-11,gasto,67.87,A,iFood,Ifd*Alipio Pio Goncalv,credito,2025-05-22,nubank-cartao,media,padrao_categoria,,
298,2026-07-25T18:27:07-03:00,2025-05-11,receita,350.0,B,Outros,ajuda do pai,pix,,nubank-conta,alta,dito,,
299,2026-07-25T18:27:07-03:00,2025-05-11,gasto,85.0,A,Pix p/ pessoas,Transferência enviada pelo Pix - Agatha Bezerra de Oliveira ,pix,,nubank-conta,media,padrao_categoria,,
300,2026-07-25T18:27:07-03:00,2025-05-11,gasto,100.0,A,Pix p/ pessoas,Transferência enviada pelo Pix - Igor Roberto Michalski de S,pix,,nubank-conta,media,padrao_categoria,,
301,2026-07-25T18:27:07-03:00,2025-05-12,gasto,5116.24,A,Viagem/Passagens,Airbnb * Hm9yd8s9by,credito,2025-05-22,nubank-cartao,media,padrao_categoria,,
302,2026-07-25T18:27:07-03:00,2025-05-15,gasto,30.0,A,iFood,Ifd*52.606.931 Priscil,credito,2025-06-22,nubank-cartao,media,padrao_categoria,,
303,2026-07-25T18:27:07-03:00,2025-05-15,gasto,125.33,A,Educação/Cursos,Ebn *Cambly - Parcela 10/12,credito,2025-06-22,nubank-cartao,media,padrao_categoria,,
304,2026-07-25T18:27:07-03:00,2025-05-15,gasto,12.0,A,Restaurantes/Lanches,Pastelaria O Rei do Pa,credito,2025-06-22,nubank-cartao,media,padrao_categoria,,
305,2026-07-25T18:27:07-03:00,2025-05-15,gasto,285.0,A,Pix p/ pessoas,Transferência enviada pelo Pix - Cristiane Avila Santana - •,pix,,nubank-conta,media,padrao_categoria,,
306,2026-07-25T18:27:07-03:00,2025-05-16,gasto,26.9,A,Streaming,Google Youtubepremium,credito,2025-06-22,nubank-cartao,media,padrao_categoria,,
307,2026-07-25T18:27:07-03:00,2025-05-16,gasto,28.37,A,iFood,Ifd*52.606.931 Priscil,credito,2025-06-22,nubank-cartao,media,padrao_categoria,,
308,2026-07-25T18:27:07-03:00,2025-05-16,gasto,195.0,A,Saúde/Academia,Cris Avila Strikers Te,credito,2025-06-22,nubank-cartao,media,padrao_categoria,,
309,2026-07-25T18:27:07-03:00,2025-05-17,gasto,50.0,B,Combustível,Auto Posto Guaicurus,credito,2025-06-22,nubank-cartao,media,padrao_categoria,,
310,2026-07-25T18:27:07-03:00,2025-05-17,gasto,79.19,B,Mercado/Supermercado,Leve Max,credito,2025-06-22,nubank-cartao,media,padrao_categoria,,
311,2026-07-25T18:27:07-03:00,2025-05-17,gasto,82.2,B,Mercado/Supermercado,Melo e Cuenca e Filhos,credito,2025-06-22,nubank-cartao,media,padrao_categoria,,
312,2026-07-25T18:27:07-03:00,2025-05-18,gasto,13.69,A,Saúde/Academia,Drogaria Ultrapopular,credito,2025-06-22,nubank-cartao,media,padrao_categoria,,
313,2026-07-25T18:27:07-03:00,2025-05-18,gasto,30.92,A,iFood,Ifd*50.442.757 David R,credito,2025-06-22,nubank-cartao,media,padrao_categoria,,
314,2026-07-25T18:27:07-03:00,2025-05-18,gasto,23.33,A,Restaurantes/Lanches,The Best,credito,2025-06-22,nubank-cartao,media,padrao_categoria,,
315,2026-07-25T18:27:07-03:00,2025-05-19,gasto,21.9,A,Streaming,Ebn *Spotify,credito,2025-06-22,nubank-cartao,media,padrao_categoria,,
316,2026-07-25T18:27:07-03:00,2025-05-19,receita,300.0,B,Outros,ajuda do pai,pix,,nubank-conta,alta,dito,,
317,2026-07-25T18:27:07-03:00,2025-05-21,gasto,30.0,A,Restaurantes/Lanches,Pao Dourado,credito,2025-06-22,nubank-cartao,media,padrao_categoria,,
318,2026-07-25T18:27:07-03:00,2025-05-21,gasto,30.23,A,iFood,Ifd*Bufallos Hamburgue,credito,2025-06-22,nubank-cartao,media,padrao_categoria,,
319,2026-07-25T18:27:07-03:00,2025-05-21,gasto,269.99,A,Serviços online/Tech,Transferência enviada pelo Pix - Amazon Serviços de Varejo d,pix,,nubank-conta,media,padrao_categoria,,
320,2026-07-25T18:27:07-03:00,2025-05-22,gasto,32.0,A,Restaurantes/Lanches,Restaurante Spetos,credito,2025-06-22,nubank-cartao,media,padrao_categoria,,
321,2026-07-25T18:27:07-03:00,2025-05-22,gasto,110.0,A,Saúde/Academia,Iron Gym,credito,2025-06-22,nubank-cartao,media,padrao_categoria,,
322,2026-07-25T18:27:07-03:00,2025-05-22,gasto,39.98,A,iFood,Ifd*Pires Ozaki,credito,2025-06-22,nubank-cartao,media,padrao_categoria,,
323,2026-07-25T18:27:07-03:00,2025-05-24,gasto,18.99,A,iFood,Ifd*52.606.931 Priscil,credito,2025-06-22,nubank-cartao,media,padrao_categoria,,
324,2026-07-25T18:27:07-03:00,2025-05-24,gasto,13.0,A,Outros,Esquina do Espeto,credito,2025-06-22,nubank-cartao,media,padrao_categoria,,
325,2026-07-25T18:27:07-03:00,2025-05-25,gasto,66.76,B,Mercado/Supermercado,Leve Max,credito,2025-06-22,nubank-cartao,media,padrao_categoria,,
326,2026-07-25T18:27:07-03:00,2025-05-25,gasto,50.0,B,Combustível,Auto Posto Guaicurus,credito,2025-06-22,nubank-cartao,media,padrao_categoria,,
327,2026-07-25T18:27:07-03:00,2025-05-25,gasto,18.52,A,Outros,Flavio Batista Richett,credito,2025-06-22,nubank-cartao,media,padrao_categoria,,
328,2026-07-25T18:27:07-03:00,2025-05-26,gasto,72.97,A,Restaurantes/Lanches,Oldmexican,credito,2025-06-22,nubank-cartao,media,padrao_categoria,,
329,2026-07-25T18:27:07-03:00,2025-05-26,gasto,18.32,A,Restaurantes/Lanches,The Best,credito,2025-06-22,nubank-cartao,media,padrao_categoria,,
330,2026-07-25T18:27:07-03:00,2025-05-27,gasto,40.42,B,Mercado/Supermercado,Leve Max,credito,2025-06-22,nubank-cartao,media,padrao_categoria,,
331,2026-07-25T18:27:07-03:00,2025-05-27,receita,300.0,B,Outros,ajuda do pai,pix,,nubank-conta,alta,dito,,
332,2026-07-25T18:27:07-03:00,2025-05-28,gasto,18.99,A,iFood,Ifd*52.606.931 Priscil,credito,2025-06-22,nubank-cartao,media,padrao_categoria,,
333,2026-07-25T18:27:07-03:00,2025-05-28,gasto,13.0,A,Outros,Esquina do Espeto,credito,2025-06-22,nubank-cartao,media,padrao_categoria,,
334,2026-07-25T18:27:07-03:00,2025-05-28,gasto,14.85,A,Pix p/ pessoas,Transferência enviada pelo Pix - Igor Roberto Michalski de S,pix,,nubank-conta,media,padrao_categoria,,
335,2026-07-25T18:27:07-03:00,2025-05-28,gasto,20.1,A,Viagem/Passagens,Transferência enviada pelo Pix - VIACAO DOURADOS LTDA - 06.2,pix,,nubank-conta,media,padrao_categoria,,
336,2026-07-25T18:27:07-03:00,2025-05-28,gasto,10.0,A,Pix p/ pessoas,Transferência enviada pelo Pix - Agatha Bezerra de Oliveira ,pix,,nubank-conta,media,padrao_categoria,,
337,2026-07-25T18:27:07-03:00,2025-05-29,gasto,146.66,B,Mercado/Supermercado,Leve Max,credito,2025-06-22,nubank-cartao,media,padrao_categoria,,
338,2026-07-25T18:27:07-03:00,2025-05-29,gasto,41.29,A,Pix p/ pessoas,Transferência enviada pelo Pix - SHPP BRASIL INSTITUICAO DE ,pix,,nubank-conta,media,padrao_categoria,,
339,2026-07-25T18:27:07-03:00,2025-05-30,gasto,2.0,A,Outros,Rolparferramentas,credito,2025-06-22,nubank-cartao,media,padrao_categoria,,
340,2026-07-25T18:27:07-03:00,2025-05-30,gasto,25.99,A,iFood,Ifd*52.606.931 Priscil,credito,2025-06-22,nubank-cartao,media,padrao_categoria,,
341,2026-07-25T18:27:07-03:00,2025-05-31,gasto,30.0,A,Outros,Cines Avenida Center,credito,2025-06-22,nubank-cartao,media,padrao_categoria,,
342,2026-07-25T18:27:07-03:00,2025-05-31,gasto,15.0,A,Outros,Estacenter - Ljm,credito,2025-06-22,nubank-cartao,media,padrao_categoria,,
343,2026-07-25T18:27:07-03:00,2025-05-31,gasto,30.0,A,Outros,Borracharia Soares,credito,2025-06-22,nubank-cartao,media,padrao_categoria,,
344,2026-07-25T18:27:07-03:00,2025-05-31,gasto,21.88,A,Restaurantes/Lanches,The Best,credito,2025-06-22,nubank-cartao,media,padrao_categoria,,
345,2026-07-25T18:27:07-03:00,2025-05-31,gasto,62.64,A,Pix p/ pessoas,Transferência enviada pelo Pix - SHPP BRASIL INSTITUICAO DE ,pix,,nubank-conta,media,padrao_categoria,,
346,2026-07-25T18:27:07-03:00,2025-05-31,gasto,50.0,B,Combustível,Compra no débito - AUTO POSTO GUAICURUS,debito,,nubank-conta,media,padrao_categoria,,
347,2026-07-25T18:27:07-03:00,2025-06-01,gasto,29.66,A,Outros,Abeve Albino Torraca,credito,2025-06-22,nubank-cartao,media,padrao_categoria,,
348,2026-07-25T18:27:07-03:00,2025-06-01,receita,350.0,B,Outros,ajuda do pai,pix,,nubank-conta,alta,dito,,
349,2026-07-25T18:27:07-03:00,2025-06-02,gasto,34.99,A,iFood,Ifd*Alipio Pio Goncalv,credito,2025-06-22,nubank-cartao,media,padrao_categoria,,
350,2026-07-25T18:27:07-03:00,2025-06-02,gasto,37.3,A,Restaurantes/Lanches,The Best,credito,2025-06-22,nubank-cartao,media,padrao_categoria,,
351,2026-07-25T18:27:07-03:00,2025-06-02,gasto,36.0,A,Pix p/ pessoas,Transferência enviada pelo Pix - Kauan Henrick Teixeira da S,pix,,nubank-conta,media,padrao_categoria,,
352,2026-07-25T18:27:07-03:00,2025-06-03,gasto,36.0,A,Restaurantes/Lanches,Pastelaria O Rei do Pa,credito,2025-06-22,nubank-cartao,media,padrao_categoria,,
353,2026-07-25T18:27:07-03:00,2025-06-04,gasto,23.0,A,Outros,Esquina do Espeto,credito,2025-06-22,nubank-cartao,media,padrao_categoria,,
354,2026-07-25T18:27:07-03:00,2025-06-04,gasto,297.04,A,Pix p/ pessoas,Transferência enviada pelo Pix - Igor Roberto Michalski de S,pix,,nubank-conta,media,padrao_categoria,,
355,2026-07-25T18:27:07-03:00,2025-06-05,gasto,128.85,B,Mercado/Supermercado,Leve Max,credito,2025-06-22,nubank-cartao,media,padrao_categoria,,
356,2026-07-25T18:27:07-03:00,2025-06-05,gasto,135.0,A,Outros,"Pagamento de boleto efetuado - FUNDACAO DE APOIO AO ENSINO, ",debito,,nubank-conta,media,padrao_categoria,,
357,2026-07-25T18:27:07-03:00,2025-06-06,gasto,25.99,A,iFood,Ifd*52.606.931 Priscil,credito,2025-06-22,nubank-cartao,media,padrao_categoria,,
358,2026-07-25T18:27:07-03:00,2025-06-07,gasto,22.9,A,Restaurantes/Lanches,The Best,credito,2025-06-22,nubank-cartao,media,padrao_categoria,,
359,2026-07-25T18:27:07-03:00,2025-06-07,gasto,82.95,B,Mercado/Supermercado,Melo e Cuenca e Filhos,credito,2025-06-22,nubank-cartao,media,padrao_categoria,,
360,2026-07-25T18:27:07-03:00,2025-06-08,gasto,19.51,A,Restaurantes/Lanches,The Best,credito,2025-06-22,nubank-cartao,media,padrao_categoria,,
361,2026-07-25T18:27:07-03:00,2025-06-08,receita,350.0,B,Outros,ajuda do pai,pix,,nubank-conta,alta,dito,,
362,2026-07-25T18:27:07-03:00,2025-06-08,gasto,18.94,A,Pix p/ pessoas,Transferência enviada pelo Pix - Agatha Bezerra de Oliveira ,pix,,nubank-conta,media,padrao_categoria,,
363,2026-07-25T18:27:07-03:00,2025-06-09,gasto,33.0,A,Outros,Tordilho Grill,credito,2025-06-22,nubank-cartao,media,padrao_categoria,,
364,2026-07-25T18:27:07-03:00,2025-06-09,gasto,25.99,A,Restaurantes/Lanches,Oldmexican,credito,2025-06-22,nubank-cartao,media,padrao_categoria,,
365,2026-07-25T18:27:07-03:00,2025-06-10,gasto,21.9,A,Saúde/Academia,Drogaria Ultrapopular,credito,2025-06-22,nubank-cartao,media,padrao_categoria,,
366,2026-07-25T18:27:07-03:00,2025-06-11,gasto,50.0,B,Combustível,Auto Posto Guaicurus,credito,2025-06-22,nubank-cartao,media,padrao_categoria,,
367,2026-07-25T18:27:07-03:00,2025-06-11,gasto,12.0,A,Restaurantes/Lanches,Pastelaria O Rei do Pa,credito,2025-06-22,nubank-cartao,media,padrao_categoria,,
368,2026-07-25T18:27:07-03:00,2025-06-11,gasto,10.0,A,iFood,Transferência enviada pelo Pix - IFOOD.COM AGENCIA DE RESTAU,pix,,nubank-conta,media,padrao_categoria,,
369,2026-07-25T18:27:07-03:00,2025-06-12,gasto,6.0,A,Outros,Senhoras Verd,credito,2025-06-22,nubank-cartao,media,padrao_categoria,,
370,2026-07-25T18:27:07-03:00,2025-06-12,gasto,55.79,B,Mercado/Supermercado,Leve Max,credito,2025-06-22,nubank-cartao,media,padrao_categoria,,
371,2026-07-25T18:27:07-03:00,2025-06-13,gasto,17.27,A,Restaurantes/Lanches,The Best Acai,credito,2025-06-22,nubank-cartao,media,padrao_categoria,,
372,2026-07-25T18:27:07-03:00,2025-06-13,gasto,78.0,A,Restaurantes/Lanches,Mycaohotdog,credito,2025-06-22,nubank-cartao,media,padrao_categoria,,
373,2026-07-25T18:27:07-03:00,2025-06-13,gasto,13.27,B,Mercado/Supermercado,Comper,credito,2025-06-22,nubank-cartao,media,padrao_categoria,,
374,2026-07-25T18:27:07-03:00,2025-06-13,gasto,11.69,A,Outros,Abeve Parque do Lago,credito,2025-06-22,nubank-cartao,media,padrao_categoria,,
375,2026-07-25T18:27:07-03:00,2025-06-13,gasto,5.95,A,iFood Club,Ifd*Ifood Club,credito,2025-06-22,nubank-cartao,media,padrao_categoria,,
376,2026-07-25T18:27:07-03:00,2025-06-13,gasto,18.99,A,iFood,Ifd*52.606.931 Priscil,credito,2025-06-22,nubank-cartao,media,padrao_categoria,,
377,2026-07-25T18:27:07-03:00,2025-06-14,gasto,31.56,A,Outros,Abeve Albino Torraca,credito,2025-06-22,nubank-cartao,media,padrao_categoria,,
378,2026-07-25T18:27:07-03:00,2025-06-14,gasto,45.08,A,Restaurantes/Lanches,The Best,credito,2025-06-22,nubank-cartao,media,padrao_categoria,,
379,2026-07-25T18:27:07-03:00,2025-06-15,gasto,125.33,A,Educação/Cursos,Ebn *Cambly - Parcela 11/12,credito,2025-07-22,nubank-cartao,media,padrao_categoria,,
380,2026-07-25T18:27:07-03:00,2025-06-16,gasto,84.79,B,Mercado/Supermercado,Melo e Cuenca e Filhos,credito,2025-07-22,nubank-cartao,media,padrao_categoria,,
381,2026-07-25T18:27:07-03:00,2025-06-16,gasto,82.87,B,Mercado/Supermercado,Leve Max,credito,2025-07-22,nubank-cartao,media,padrao_categoria,,
382,2026-07-25T18:27:07-03:00,2025-06-16,gasto,55.97,A,Outros,Cacau Show,credito,2025-07-22,nubank-cartao,media,padrao_categoria,,
383,2026-07-25T18:27:07-03:00,2025-06-16,gasto,63.86,A,iFood,Ifd*Alipio Pio Goncalv,credito,2025-07-22,nubank-cartao,media,padrao_categoria,,
384,2026-07-25T18:27:07-03:00,2025-06-16,gasto,26.9,A,Streaming,Google Youtubepremium,credito,2025-07-22,nubank-cartao,media,padrao_categoria,,
385,2026-07-25T18:27:07-03:00,2025-06-16,receita,350.0,B,Outros,ajuda do pai,pix,,nubank-conta,alta,dito,,
386,2026-07-25T18:27:07-03:00,2025-06-16,gasto,3.8,A,Pix p/ pessoas,Transferência enviada pelo Pix - Criativa Papelaria e Inform,pix,,nubank-conta,media,padrao_categoria,,
387,2026-07-25T18:27:07-03:00,2025-06-17,gasto,130.0,A,Saúde/Academia,Cris Avila Strikers Te,credito,2025-07-22,nubank-cartao,media,padrao_categoria,,
388,2026-07-25T18:27:07-03:00,2025-06-17,gasto,46.8,A,Outros,Shopee *Apxgametec,credito,2025-07-22,nubank-cartao,media,padrao_categoria,,
389,2026-07-25T18:27:07-03:00,2025-06-17,gasto,50.0,B,Combustível,Auto Posto Guaicurus,credito,2025-07-22,nubank-cartao,media,padrao_categoria,,
390,2026-07-25T18:27:07-03:00,2025-06-17,gasto,17.01,A,Pix p/ pessoas,Transferência enviada pelo Pix - Agatha Bezerra de Oliveira ,pix,,nubank-conta,media,padrao_categoria,,
391,2026-07-25T18:27:07-03:00,2025-06-18,gasto,33.74,A,Restaurantes/Lanches,The Best,credito,2025-07-22,nubank-cartao,media,padrao_categoria,,
392,2026-07-25T18:27:07-03:00,2025-06-18,gasto,29.01,A,Outros,Flavio Batista Richett,credito,2025-07-22,nubank-cartao,media,padrao_categoria,,
393,2026-07-25T18:27:07-03:00,2025-06-18,gasto,180.0,A,Pix p/ pessoas,Transferência enviada pelo Pix - Igor Roberto Michalski de S,pix,,nubank-conta,media,padrao_categoria,,
394,2026-07-25T18:27:07-03:00,2025-06-19,gasto,110.0,A,Saúde/Academia,Iron Gym,credito,2025-07-22,nubank-cartao,media,padrao_categoria,,
395,2026-07-25T18:27:07-03:00,2025-06-19,gasto,21.9,A,Streaming,Ebn *Spotify,credito,2025-07-22,nubank-cartao,media,padrao_categoria,,
396,2026-07-25T18:27:07-03:00,2025-06-19,gasto,18.99,A,iFood,Ifd*52.606.931 Priscil,credito,2025-07-22,nubank-cartao,media,padrao_categoria,,
397,2026-07-25T18:27:07-03:00,2025-06-20,gasto,21.0,A,Outros,Bardolau,credito,2025-07-22,nubank-cartao,media,padrao_categoria,,
398,2026-07-25T18:27:07-03:00,2025-06-20,gasto,22.9,A,Restaurantes/Lanches,The Best,credito,2025-07-22,nubank-cartao,media,padrao_categoria,,
399,2026-07-25T18:27:07-03:00,2025-06-20,gasto,37.65,A,Pix p/ pessoas,Transferência enviada pelo Pix - Igor Roberto Michalski de S,pix,,nubank-conta,media,padrao_categoria,,
400,2026-07-25T18:27:07-03:00,2025-06-21,gasto,247.5,B,Mercado/Supermercado,Mercadopago *Mmdistri,credito,2025-07-22,nubank-cartao,media,padrao_categoria,,
401,2026-07-25T18:27:07-03:00,2025-06-21,gasto,58.2,B,Mercado/Supermercado,Comper,credito,2025-07-22,nubank-cartao,media,padrao_categoria,,
402,2026-07-25T18:27:07-03:00,2025-06-21,gasto,37.82,A,Outros,Total - Parcela 1/3,credito,2025-07-22,nubank-cartao,media,padrao_categoria,,
403,2026-07-25T18:27:07-03:00,2025-06-21,gasto,42.0,A,Outros,Barbearia Dutra Ramos,credito,2025-07-22,nubank-cartao,media,padrao_categoria,,
404,2026-07-25T18:27:07-03:00,2025-06-21,gasto,18.0,A,Restaurantes/Lanches,Pao Dourado,credito,2025-07-22,nubank-cartao,media,padrao_categoria,,
405,2026-07-25T18:27:07-03:00,2025-06-21,gasto,71.64,A,Outros,Shopee *Vtrautoparts - Parcela 1/2,credito,2025-07-22,nubank-cartao,media,padrao_categoria,,
406,2026-07-25T18:27:07-03:00,2025-06-22,gasto,61.41,B,Mercado/Supermercado,Leve Max,credito,2025-07-22,nubank-cartao,media,padrao_categoria,,
407,2026-07-25T18:27:07-03:00,2025-06-22,gasto,119.69,B,Mercado/Supermercado,Melo e Cuenca e Filhos,credito,2025-07-22,nubank-cartao,media,padrao_categoria,,
408,2026-07-25T18:27:07-03:00,2025-06-23,receita,300.0,B,Outros,ajuda do pai,pix,,nubank-conta,alta,dito,,
409,2026-07-25T18:27:07-03:00,2025-06-27,gasto,59.47,B,Mercado/Supermercado,Melo e Cuenca e Filhos,credito,2025-07-22,nubank-cartao,media,padrao_categoria,,
410,2026-07-25T18:27:07-03:00,2025-06-27,gasto,10.99,A,iFood,Ifd*52.606.931 Priscil,credito,2025-07-22,nubank-cartao,media,padrao_categoria,,
411,2026-07-25T18:27:07-03:00,2025-06-28,gasto,16.48,A,Outros,Hora Prestadora de Ser,credito,2025-07-22,nubank-cartao,media,padrao_categoria,,
412,2026-07-25T18:27:07-03:00,2025-06-28,gasto,71.0,A,Restaurantes/Lanches,Santa Pizza,credito,2025-07-22,nubank-cartao,media,padrao_categoria,,
413,2026-07-25T18:27:07-03:00,2025-06-28,gasto,50.0,B,Combustível,Compra no débito - AUTO POSTO GUAICURUS,debito,,nubank-conta,media,padrao_categoria,,
414,2026-07-25T18:27:07-03:00,2025-06-28,gasto,10.9,A,Pix p/ pessoas,Transferência enviada pelo Pix - MMA VEICULOS - 43.110.849/0,pix,,nubank-conta,media,padrao_categoria,,
415,2026-07-25T18:27:07-03:00,2025-06-29,gasto,39.99,A,Outros,For Boys For Girls - Parcela 2/2,credito,2025-07-22,nubank-cartao,media,padrao_categoria,,
416,2026-07-25T18:27:07-03:00,2025-06-29,gasto,40.0,A,Outros,For Boys For Girls - Parcela 1/2,credito,2025-07-22,nubank-cartao,media,padrao_categoria,,
417,2026-07-25T18:27:07-03:00,2025-06-29,gasto,113.5,B,Mercado/Supermercado,Melo e Cuenca e Filhos,credito,2025-07-22,nubank-cartao,media,padrao_categoria,,
418,2026-07-25T18:27:07-03:00,2025-06-29,gasto,25.96,A,Restaurantes/Lanches,The Best Acai,credito,2025-07-22,nubank-cartao,media,padrao_categoria,,
419,2026-07-25T18:27:07-03:00,2025-06-29,gasto,37.8,A,Outros,Total - Parcela 3/3,credito,2025-07-22,nubank-cartao,media,padrao_categoria,,
420,2026-07-25T18:27:07-03:00,2025-06-29,gasto,37.8,A,Outros,Total - Parcela 2/3,credito,2025-07-22,nubank-cartao,media,padrao_categoria,,
421,2026-07-25T18:27:07-03:00,2025-06-29,gasto,34.88,B,Mercado/Supermercado,Leve Max,credito,2025-07-22,nubank-cartao,media,padrao_categoria,,
422,2026-07-25T18:27:07-03:00,2025-06-29,gasto,71.63,A,Outros,Shopee *Vtrautoparts - Parcela 2/2,credito,2025-07-22,nubank-cartao,media,padrao_categoria,,
423,2026-07-25T18:27:07-03:00,2025-06-30,gasto,33.54,A,Outros,Abeve Albino Torraca,credito,2025-07-22,nubank-cartao,media,padrao_categoria,,
424,2026-07-25T18:27:07-03:00,2025-06-30,gasto,83.11,A,Outros,Pg *Vans - Parcela 6/8,credito,2025-07-22,nubank-cartao,media,padrao_categoria,,
425,2026-07-25T18:27:07-03:00,2025-06-30,gasto,83.11,A,Outros,Pg *Vans - Parcela 8/8,credito,2025-07-22,nubank-cartao,media,padrao_categoria,,
426,2026-07-25T18:27:07-03:00,2025-06-30,gasto,83.11,A,Outros,Pg *Vans - Parcela 4/8,credito,2025-07-22,nubank-cartao,media,padrao_categoria,,
427,2026-07-25T18:27:07-03:00,2025-06-30,gasto,83.11,A,Outros,Pg *Vans - Parcela 7/8,credito,2025-07-22,nubank-cartao,media,padrao_categoria,,
428,2026-07-25T18:27:07-03:00,2025-06-30,gasto,133.8,A,Outros,Mlp*Netshoes,credito,2025-07-22,nubank-cartao,media,padrao_categoria,,
429,2026-07-25T18:27:07-03:00,2025-06-30,gasto,83.12,A,Outros,Pg *Vans - Parcela 1/8,credito,2025-07-22,nubank-cartao,media,padrao_categoria,,
430,2026-07-25T18:27:07-03:00,2025-06-30,gasto,83.11,A,Outros,Pg *Vans - Parcela 2/8,credito,2025-07-22,nubank-cartao,media,padrao_categoria,,
431,2026-07-25T18:27:07-03:00,2025-06-30,gasto,83.11,A,Outros,Pg *Vans - Parcela 5/8,credito,2025-07-22,nubank-cartao,media,padrao_categoria,,
432,2026-07-25T18:27:07-03:00,2025-06-30,gasto,83.11,A,Outros,Pg *Vans - Parcela 3/8,credito,2025-07-22,nubank-cartao,media,padrao_categoria,,
433,2026-07-25T18:27:07-03:00,2025-07-01,receita,300.0,B,Outros,ajuda do pai,pix,,nubank-conta,alta,dito,,
434,2026-07-25T18:27:07-03:00,2025-07-02,gasto,12.98,A,Outros,Murakami Amp Murakami,credito,2025-07-22,nubank-cartao,media,padrao_categoria,,
435,2026-07-25T18:27:07-03:00,2025-07-04,gasto,64.0,A,Outros,Carloshenrique,credito,2025-07-22,nubank-cartao,media,padrao_categoria,,
436,2026-07-25T18:27:07-03:00,2025-07-04,gasto,18.0,A,Outros,Hato Shimizu,credito,2025-07-22,nubank-cartao,media,padrao_categoria,,
437,2026-07-25T18:27:07-03:00,2025-07-04,gasto,16.08,A,Outros,Murakami Amp Murakami,credito,2025-07-22,nubank-cartao,media,padrao_categoria,,
438,2026-07-25T18:27:07-03:00,2025-07-04,gasto,85.0,A,Pix p/ pessoas,Transferência enviada pelo Pix - SAMARA MAJID GHADIE - •••.7,pix,,nubank-conta,media,padrao_categoria,,
439,2026-07-25T18:27:07-03:00,2025-07-05,gasto,21.99,A,iFood,Ifd*Alipio Pio Goncalv,credito,2025-07-22,nubank-cartao,media,padrao_categoria,,
440,2026-07-25T18:27:07-03:00,2025-07-05,gasto,50.0,B,Combustível,Posto Benjamim Oshiro,credito,2025-07-22,nubank-cartao,media,padrao_categoria,,
441,2026-07-25T18:27:07-03:00,2025-07-05,gasto,275.09,B,Mercado/Supermercado,Comper,credito,2025-07-22,nubank-cartao,media,padrao_categoria,,
442,2026-07-25T18:27:07-03:00,2025-07-06,gasto,8.99,A,Outros,Murakami Amp Murakami,credito,2025-07-22,nubank-cartao,media,padrao_categoria,,
443,2026-07-25T18:27:07-03:00,2025-07-06,gasto,6.99,A,Outros,Murakami Amp Murakami,credito,2025-07-22,nubank-cartao,media,padrao_categoria,,
444,2026-07-25T18:27:07-03:00,2025-07-07,gasto,25.57,A,Restaurantes/Lanches,The Best,credito,2025-07-22,nubank-cartao,media,padrao_categoria,,
445,2026-07-25T18:27:07-03:00,2025-07-07,gasto,16.89,A,Outros,Rdsaude Online,credito,2025-07-22,nubank-cartao,media,padrao_categoria,,
446,2026-07-25T18:27:07-03:00,2025-07-08,gasto,21.0,A,Restaurantes/Lanches,Pao Dourado,credito,2025-07-22,nubank-cartao,media,padrao_categoria,,
447,2026-07-25T18:27:07-03:00,2025-07-09,gasto,37.73,A,iFood,Ifd*Jefferson Lourenco,credito,2025-07-22,nubank-cartao,media,padrao_categoria,,
448,2026-07-25T18:27:07-03:00,2025-07-09,gasto,4.0,A,Restaurantes/Lanches,Kukao Sorvetes,credito,2025-07-22,nubank-cartao,media,padrao_categoria,,
449,2026-07-25T18:27:07-03:00,2025-07-09,receita,300.0,B,Outros,ajuda do pai,pix,,nubank-conta,alta,dito,,
450,2026-07-25T18:27:07-03:00,2025-07-09,gasto,1009.14,A,Viagem/Passagens,Transferência enviada pelo Pix - AIRBNB PLATAFORMA DIGITAL L,pix,,nubank-conta,media,padrao_categoria,,
451,2026-07-25T18:27:07-03:00,2025-07-10,gasto,30.99,A,iFood,Ifd*Getulios Lanches L,credito,2025-07-22,nubank-cartao,media,padrao_categoria,,
452,2026-07-25T18:27:07-03:00,2025-07-10,gasto,77.59,B,Mercado/Supermercado,Leve Max,credito,2025-07-22,nubank-cartao,media,padrao_categoria,,
453,2026-07-25T18:27:07-03:00,2025-07-10,gasto,87.13,A,Pix p/ pessoas,Transferência enviada pelo Pix - IGOR ROBERTO MICHALSKI DE S,pix,,nubank-conta,media,padrao_categoria,,
454,2026-07-25T18:27:07-03:00,2025-07-11,gasto,36.38,A,Restaurantes/Lanches,The Best,credito,2025-07-22,nubank-cartao,media,padrao_categoria,,
455,2026-07-25T18:27:07-03:00,2025-07-11,gasto,40.0,A,Pix p/ pessoas,Transferência enviada pelo Pix - 55267963 LARISSA CABRERA SI,pix,,nubank-conta,media,padrao_categoria,,
456,2026-07-25T18:27:07-03:00,2025-07-11,gasto,14.0,A,Pix p/ pessoas,Transferência enviada pelo Pix - IGOR MONTEIRO NUNES - •••.2,pix,,nubank-conta,media,padrao_categoria,,
457,2026-07-25T18:27:07-03:00,2025-07-12,gasto,35.0,A,Restaurantes/Lanches,Mycaohotdog,credito,2025-07-22,nubank-cartao,media,padrao_categoria,,
458,2026-07-25T18:27:07-03:00,2025-07-13,gasto,116.0,A,Outros,Total - Parcela 1/3,credito,2025-07-22,nubank-cartao,media,padrao_categoria,,
459,2026-07-25T18:27:07-03:00,2025-07-13,gasto,23.31,A,Saúde/Academia,Drogaria Drogao Popul,credito,2025-07-22,nubank-cartao,media,padrao_categoria,,
460,2026-07-25T18:27:07-03:00,2025-07-13,gasto,13.31,A,Restaurantes/Lanches,The Best Acai,credito,2025-07-22,nubank-cartao,media,padrao_categoria,,
461,2026-07-25T18:27:07-03:00,2025-07-13,gasto,5.95,A,iFood Club,Ifd*Ifood Club,credito,2025-07-22,nubank-cartao,media,padrao_categoria,,
462,2026-07-25T18:27:07-03:00,2025-07-15,gasto,116.0,A,Outros,Total - Parcela 2/3,credito,2025-08-22,nubank-cartao,media,padrao_categoria,,
463,2026-07-25T18:27:07-03:00,2025-07-15,gasto,125.33,A,Educação/Cursos,Ebn *Cambly - Parcela 12/12,credito,2025-08-22,nubank-cartao,media,padrao_categoria,,
464,2026-07-25T18:27:07-03:00,2025-07-15,gasto,650.0,A,Pix p/ pessoas,Transferência enviada pelo Pix - CLAUDIA STERENTAL ALTSCHULL,pix,,nubank-conta,media,padrao_categoria,,
465,2026-07-25T18:27:07-03:00,2025-07-15,gasto,650.0,A,Pix p/ pessoas,Transferência enviada pelo Pix - CLAUDIA STERENTAL ALTSCHULL,pix,,nubank-conta,media,padrao_categoria,,
466,2026-07-25T18:27:07-03:00,2025-07-16,gasto,26.9,A,Streaming,Google Youtubepremium,credito,2025-08-22,nubank-cartao,media,padrao_categoria,,
467,2026-07-25T18:27:07-03:00,2025-07-18,gasto,261.15,B,Mercado/Supermercado,Mercadopago *Guanabar,credito,2025-08-22,nubank-cartao,media,padrao_categoria,,
468,2026-07-25T18:27:07-03:00,2025-07-19,gasto,21.9,A,Streaming,Ebn*Spotify,credito,2025-08-22,nubank-cartao,media,padrao_categoria,,
469,2026-07-25T18:27:07-03:00,2025-07-21,receita,200.0,B,Outros,ajuda do pai,pix,,nubank-conta,alta,dito,,
470,2026-07-25T18:27:07-03:00,2025-07-22,gasto,10.0,A,Outros,Bar da Maria,credito,2025-08-22,nubank-cartao,media,padrao_categoria,,
471,2026-07-25T18:27:07-03:00,2025-07-22,gasto,26.92,A,Outros,F R G Muller,credito,2025-08-22,nubank-cartao,media,padrao_categoria,,
472,2026-07-25T18:27:07-03:00,2025-07-23,gasto,17.9,A,Outros,Quintal do Marechal,credito,2025-08-22,nubank-cartao,media,padrao_categoria,,
473,2026-07-25T18:27:07-03:00,2025-07-23,gasto,307.99,A,Viagem/Passagens,Viacao Ouro e Prata S,credito,2025-08-22,nubank-cartao,media,padrao_categoria,,
474,2026-07-25T18:27:07-03:00,2025-07-24,gasto,18.5,A,Outros,Padariapaoour,credito,2025-08-22,nubank-cartao,media,padrao_categoria,,
475,2026-07-25T18:27:07-03:00,2025-07-25,gasto,11.12,A,Outros,Mp *Padariapaoour,credito,2025-08-22,nubank-cartao,media,padrao_categoria,,
476,2026-07-25T18:27:07-03:00,2025-07-28,gasto,9.09,A,Transporte/App,99app *99app,credito,2025-08-22,nubank-cartao,media,padrao_categoria,,
477,2026-07-25T18:27:07-03:00,2025-07-28,gasto,173.38,B,Mercado/Supermercado,Leve Max,credito,2025-08-22,nubank-cartao,media,padrao_categoria,,
478,2026-07-25T18:27:07-03:00,2025-07-30,gasto,13.43,B,Mercado/Supermercado,Leve Max,credito,2025-08-22,nubank-cartao,media,padrao_categoria,,
479,2026-07-25T18:27:07-03:00,2025-07-31,gasto,27.47,A,Outros,Abeve Albino Torraca,credito,2025-08-22,nubank-cartao,media,padrao_categoria,,
480,2026-07-25T18:27:07-03:00,2025-07-31,gasto,82.0,A,Restaurantes/Lanches,Santa Pizza,credito,2025-08-22,nubank-cartao,media,padrao_categoria,,
481,2026-07-25T18:27:07-03:00,2025-07-31,gasto,10.05,A,Viagem/Passagens,Transferência enviada pelo Pix - VIACAO DOURADOS LTDA - 06.2,pix,,nubank-conta,media,padrao_categoria,,
482,2026-07-25T18:27:07-03:00,2025-07-31,gasto,60.4,A,Pix p/ pessoas,Transferência enviada pelo Pix - Promo - 73.690.653/0001-13 ,pix,,nubank-conta,media,padrao_categoria,,
483,2026-07-25T18:27:07-03:00,2025-08-01,gasto,24.0,A,Outros,Hato Shimizu,credito,2025-08-22,nubank-cartao,media,padrao_categoria,,
484,2026-07-25T18:27:07-03:00,2025-08-01,gasto,24.0,A,Outros,Carloshenrique,credito,2025-08-22,nubank-cartao,media,padrao_categoria,,
485,2026-07-25T18:27:07-03:00,2025-08-01,gasto,439.67,A,Viagem/Passagens,Latam Air - Parcela 1/4,credito,2025-08-22,nubank-cartao,media,padrao_categoria,,
486,2026-07-25T18:27:07-03:00,2025-08-01,gasto,439.67,A,Viagem/Passagens,Latam Air - Parcela 3/4,credito,2025-08-22,nubank-cartao,media,padrao_categoria,,
487,2026-07-25T18:27:07-03:00,2025-08-01,gasto,439.67,A,Viagem/Passagens,Latam Air - Parcela 4/4,credito,2025-08-22,nubank-cartao,media,padrao_categoria,,
488,2026-07-25T18:27:07-03:00,2025-08-01,gasto,439.67,A,Viagem/Passagens,Latam Air - Parcela 2/4,credito,2025-08-22,nubank-cartao,media,padrao_categoria,,
489,2026-07-25T18:27:07-03:00,2025-08-01,gasto,341.46,A,Viagem/Passagens,Avianca A4u4n4_320 - Parcela 10/10,credito,2025-08-22,nubank-cartao,media,padrao_categoria,,
490,2026-07-25T18:27:07-03:00,2025-08-01,gasto,341.46,A,Viagem/Passagens,Avianca A4u4n4_320 - Parcela 8/10,credito,2025-08-22,nubank-cartao,media,padrao_categoria,,
491,2026-07-25T18:27:07-03:00,2025-08-01,gasto,341.46,A,Viagem/Passagens,Avianca A4u4n4_320 - Parcela 1/10,credito,2025-08-22,nubank-cartao,media,padrao_categoria,,
492,2026-07-25T18:27:07-03:00,2025-08-01,gasto,341.46,A,Viagem/Passagens,Avianca A4u4n4_320 - Parcela 3/10,credito,2025-08-22,nubank-cartao,media,padrao_categoria,,
493,2026-07-25T18:27:07-03:00,2025-08-01,gasto,341.46,A,Viagem/Passagens,Avianca A4u4n4_320 - Parcela 5/10,credito,2025-08-22,nubank-cartao,media,padrao_categoria,,
494,2026-07-25T18:27:07-03:00,2025-08-01,gasto,341.46,A,Viagem/Passagens,Avianca A4u4n4_320 - Parcela 2/10,credito,2025-08-22,nubank-cartao,media,padrao_categoria,,
495,2026-07-25T18:27:07-03:00,2025-08-01,gasto,341.46,A,Viagem/Passagens,Avianca A4u4n4_320 - Parcela 7/10,credito,2025-08-22,nubank-cartao,media,padrao_categoria,,
496,2026-07-25T18:27:07-03:00,2025-08-01,gasto,341.46,A,Viagem/Passagens,Avianca A4u4n4_320 - Parcela 4/10,credito,2025-08-22,nubank-cartao,media,padrao_categoria,,
497,2026-07-25T18:27:07-03:00,2025-08-01,gasto,341.46,A,Viagem/Passagens,Avianca A4u4n4_320 - Parcela 9/10,credito,2025-08-22,nubank-cartao,media,padrao_categoria,,
498,2026-07-25T18:27:07-03:00,2025-08-01,gasto,341.46,A,Viagem/Passagens,Avianca A4u4n4_320 - Parcela 6/10,credito,2025-08-22,nubank-cartao,media,padrao_categoria,,
499,2026-07-25T18:27:07-03:00,2025-08-01,gasto,147.32,A,Pix p/ pessoas,Transferência enviada pelo Pix - IGOR ROBERTO MICHALSKI DE S,pix,,nubank-conta,media,padrao_categoria,,
500,2026-07-25T18:27:07-03:00,2025-08-01,gasto,10.0,A,Saúde/Academia,Transferência enviada pelo Pix - ROSANGELA MAGALHAES BARTIE ,pix,,nubank-conta,media,padrao_categoria,,
501,2026-07-25T18:27:07-03:00,2025-08-03,gasto,30.99,A,iFood,Ifd*52.606.931 Priscil,credito,2025-08-22,nubank-cartao,media,padrao_categoria,,
502,2026-07-25T18:27:07-03:00,2025-08-03,gasto,24.98,A,iFood,Ifd*36.644.757 Jessica,credito,2025-08-22,nubank-cartao,media,padrao_categoria,,
503,2026-07-25T18:27:07-03:00,2025-08-03,gasto,54.0,A,Restaurantes/Lanches,Mycaohotdog,credito,2025-08-22,nubank-cartao,media,padrao_categoria,,
504,2026-07-25T18:27:07-03:00,2025-08-03,gasto,172.16,B,Mercado/Supermercado,Comper,credito,2025-08-22,nubank-cartao,media,padrao_categoria,,
505,2026-07-25T18:27:07-03:00,2025-08-03,gasto,7.0,A,Pix p/ pessoas,Transferência enviada pelo Pix - Kauan Henrick Teixeira da S,pix,,nubank-conta,media,padrao_categoria,,
506,2026-07-25T18:27:07-03:00,2025-08-03,receita,350.0,B,Outros,ajuda do pai,pix,,nubank-conta,alta,dito,,
507,2026-07-25T18:27:07-03:00,2025-08-04,gasto,45.8,A,Restaurantes/Lanches,The Best,credito,2025-08-22,nubank-cartao,media,padrao_categoria,,
508,2026-07-25T18:27:07-03:00,2025-08-04,gasto,50.0,B,Combustível,Compra no débito - AUTO POSTO GUAICURUS,debito,,nubank-conta,media,padrao_categoria,,
509,2026-07-25T18:27:07-03:00,2025-08-04,gasto,5.0,A,Pix p/ pessoas,Transferência enviada pelo Pix - Kauan Henrick Teixeira da S,pix,,nubank-conta,media,padrao_categoria,,
510,2026-07-25T18:27:07-03:00,2025-08-05,gasto,8.0,A,Outros,Senhoras Cantina,credito,2025-08-22,nubank-cartao,media,padrao_categoria,,
511,2026-07-25T18:27:07-03:00,2025-08-05,gasto,12.0,A,Restaurantes/Lanches,Pastelariaoreido,credito,2025-08-22,nubank-cartao,media,padrao_categoria,,
512,2026-07-25T18:27:07-03:00,2025-08-05,gasto,0.5,A,Pix p/ pessoas,Transferência enviada pelo Pix - IGOR ROBERTO MICHALSKI DE S,pix,,nubank-conta,media,padrao_categoria,,
513,2026-07-25T18:27:07-03:00,2025-08-06,gasto,781.15,A,Viagem/Passagens,Immigration Canada Onl,credito,2025-08-22,nubank-cartao,media,padrao_categoria,,
514,2026-07-25T18:27:07-03:00,2025-08-06,gasto,27.34,A,Viagem/Passagens,"IOF de ""Immigration Canada Onl""",credito,2025-08-22,nubank-cartao,media,padrao_categoria,,
515,2026-07-25T18:27:07-03:00,2025-08-06,gasto,162.5,A,Pix p/ pessoas,Transferência enviada pelo Pix - IGOR ROBERTO MICHALSKI DE S,pix,,nubank-conta,media,padrao_categoria,,
516,2026-07-25T18:27:07-03:00,2025-08-07,gasto,14.0,A,Restaurantes/Lanches,Pastelariaoreido,credito,2025-08-22,nubank-cartao,media,padrao_categoria,,
517,2026-07-25T18:27:07-03:00,2025-08-07,gasto,85.0,A,Pix p/ pessoas,Transferência enviada pelo Pix - SAMARA MAJID GHADIE - •••.7,pix,,nubank-conta,media,padrao_categoria,,
518,2026-07-25T18:27:07-03:00,2025-08-08,gasto,156.7,A,Viagem/Passagens,Gol Linhas A*Qevqtf013 - Parcela 1/5,credito,2025-08-22,nubank-cartao,media,padrao_categoria,,
519,2026-07-25T18:27:07-03:00,2025-08-08,gasto,27.15,A,Restaurantes/Lanches,The Best,credito,2025-09-22,nubank-cartao,media,padrao_categoria,,
520,2026-07-25T18:27:07-03:00,2025-08-08,gasto,1.98,A,iFood,Transferência enviada pelo Pix - IFOOD.COM AGENCIA DE RESTAU,pix,,nubank-conta,media,padrao_categoria,,
521,2026-07-25T18:27:07-03:00,2025-08-09,gasto,22.54,A,Restaurantes/Lanches,The Best,credito,2025-08-22,nubank-cartao,media,padrao_categoria,,
522,2026-07-25T18:27:07-03:00,2025-08-09,gasto,28.49,A,iFood,Ifd*Rocha Guardachoni,credito,2025-08-22,nubank-cartao,media,padrao_categoria,,
523,2026-07-25T18:27:07-03:00,2025-08-09,receita,350.0,B,Outros,ajuda do pai,pix,,nubank-conta,alta,dito,,
524,2026-07-25T18:27:07-03:00,2025-08-10,gasto,66.61,B,Mercado/Supermercado,Leve Max,credito,2025-08-22,nubank-cartao,media,padrao_categoria,,
525,2026-07-25T18:27:07-03:00,2025-08-10,gasto,144.24,B,Mercado/Supermercado,Melo e Cuenca e Filhos,credito,2025-08-22,nubank-cartao,media,padrao_categoria,,
526,2026-07-25T18:27:07-03:00,2025-08-10,gasto,50.0,A,Pix p/ pessoas,Transferência enviada pelo Pix - IGOR ROBERTO MICHALSKI DE S,pix,,nubank-conta,media,padrao_categoria,,
527,2026-07-25T18:27:07-03:00,2025-08-10,gasto,85.0,A,Pix p/ pessoas,Transferência enviada pelo Pix - Agatha Bezerra de Oliveira ,pix,,nubank-conta,media,padrao_categoria,,
528,2026-07-25T18:27:07-03:00,2025-08-10,gasto,107.98,A,Pix p/ pessoas,Transferência enviada pelo Pix - IGOR ROBERTO MICHALSKI DE S,pix,,nubank-conta,media,padrao_categoria,,
529,2026-07-25T18:27:07-03:00,2025-08-11,gasto,115.0,A,Pix p/ pessoas,Transferência enviada pelo Pix - Waldir Maldonado de Oliveir,pix,,nubank-conta,media,padrao_categoria,,
530,2026-07-25T18:27:07-03:00,2025-08-12,gasto,156.66,A,Viagem/Passagens,Gol Linhas A*Qevqtf013 - Parcela 2/5,credito,2025-08-22,nubank-cartao,media,padrao_categoria,,
531,2026-07-25T18:27:07-03:00,2025-08-12,gasto,156.66,A,Viagem/Passagens,Gol Linhas A*Qevqtf013 - Parcela 4/5,credito,2025-08-22,nubank-cartao,media,padrao_categoria,,
532,2026-07-25T18:27:07-03:00,2025-08-12,gasto,156.66,A,Viagem/Passagens,Gol Linhas A*Qevqtf013 - Parcela 3/5,credito,2025-08-22,nubank-cartao,media,padrao_categoria,,
533,2026-07-25T18:27:07-03:00,2025-08-12,gasto,156.66,A,Viagem/Passagens,Gol Linhas A*Qevqtf013 - Parcela 5/5,credito,2025-08-22,nubank-cartao,media,padrao_categoria,,
534,2026-07-25T18:27:07-03:00,2025-08-12,gasto,14.0,A,Pix p/ pessoas,Transferência enviada pelo Pix - MARIA ANTONIA DE OLIVEIRA -,pix,,nubank-conta,media,padrao_categoria,,
535,2026-07-25T18:27:07-03:00,2025-08-13,gasto,35.86,A,iFood,Ifd*Bufallos Hamburgue,credito,2025-08-22,nubank-cartao,media,padrao_categoria,,
536,2026-07-25T18:27:07-03:00,2025-08-13,gasto,21.88,B,Mercado/Supermercado,Leve Max,credito,2025-08-22,nubank-cartao,media,padrao_categoria,,
537,2026-07-25T18:27:07-03:00,2025-08-13,gasto,5.95,A,iFood Club,Ifd*Ifood Club,credito,2025-08-22,nubank-cartao,media,padrao_categoria,,
538,2026-07-25T18:27:07-03:00,2025-08-14,gasto,14.0,A,Restaurantes/Lanches,Pastelariaoreido,credito,2025-08-22,nubank-cartao,media,padrao_categoria,,
539,2026-07-25T18:27:07-03:00,2025-08-15,gasto,116.0,A,Outros,Total - Parcela 3/3,credito,2025-09-22,nubank-cartao,media,padrao_categoria,,
540,2026-07-25T18:27:07-03:00,2025-08-15,gasto,17.27,A,Restaurantes/Lanches,The Best,credito,2025-09-22,nubank-cartao,media,padrao_categoria,,
541,2026-07-25T18:27:07-03:00,2025-08-15,gasto,59.79,B,Mercado/Supermercado,Leve Max,credito,2025-09-22,nubank-cartao,media,padrao_categoria,,
542,2026-07-25T18:27:07-03:00,2025-08-16,gasto,26.9,A,Streaming,Google Youtubepremium,credito,2025-09-22,nubank-cartao,media,padrao_categoria,,
543,2026-07-25T18:27:07-03:00,2025-08-16,gasto,5.0,B,Mercado/Supermercado,Transferência enviada pelo Pix - Joao Victor de Lima Pereira,pix,,nubank-conta,media,padrao_categoria,,
544,2026-07-25T18:27:07-03:00,2025-08-16,gasto,10.0,A,Pix p/ pessoas,Transferência enviada pelo Pix - David Alencar Alves Ferboni,pix,,nubank-conta,media,padrao_categoria,,
545,2026-07-25T18:27:07-03:00,2025-08-17,gasto,9.0,A,Outros,Twocosolucoesem,credito,2025-09-22,nubank-cartao,media,padrao_categoria,,
546,2026-07-25T18:27:07-03:00,2025-08-17,gasto,41.5,A,Outros,Twocosolucoesem,credito,2025-09-22,nubank-cartao,media,padrao_categoria,,
547,2026-07-25T18:27:07-03:00,2025-08-17,gasto,10.0,A,Restaurantes/Lanches,Kukao Sorvetes,credito,2025-09-22,nubank-cartao,media,padrao_categoria,,
548,2026-07-25T18:27:07-03:00,2025-08-17,gasto,77.95,B,Mercado/Supermercado,Melo e Cuenca e Filhos,credito,2025-09-22,nubank-cartao,media,padrao_categoria,,
549,2026-07-25T18:27:07-03:00,2025-08-17,receita,350.0,B,Outros,ajuda do pai,pix,,nubank-conta,alta,dito,,
550,2026-07-25T18:27:07-03:00,2025-08-17,gasto,31.17,A,Pix p/ pessoas,Transferência enviada pelo Pix - Agatha Bezerra de Oliveira ,pix,,nubank-conta,media,padrao_categoria,,
551,2026-07-25T18:27:07-03:00,2025-08-17,gasto,162.5,A,Pix p/ pessoas,Transferência enviada pelo Pix - IGOR ROBERTO MICHALSKI DE S,pix,,nubank-conta,media,padrao_categoria,,
552,2026-07-25T18:27:07-03:00,2025-08-18,gasto,50.0,A,Pix p/ pessoas,Transferência enviada pelo Pix - IGOR ROBERTO MICHALSKI DE S,pix,,nubank-conta,media,padrao_categoria,,
553,2026-07-25T18:27:07-03:00,2025-08-19,gasto,23.0,A,Restaurantes/Lanches,Pastelariaoreido,credito,2025-09-22,nubank-cartao,media,padrao_categoria,,
554,2026-07-25T18:27:07-03:00,2025-08-19,gasto,2.0,A,Restaurantes/Lanches,Pastelariaoreido,credito,2025-09-22,nubank-cartao,media,padrao_categoria,,
555,2026-07-25T18:27:07-03:00,2025-08-19,gasto,7.0,A,Restaurantes/Lanches,Pastelariaoreido,credito,2025-09-22,nubank-cartao,media,padrao_categoria,,
556,2026-07-25T18:27:07-03:00,2025-08-19,gasto,8.0,A,Outros,Senhoras Cantina,credito,2025-09-22,nubank-cartao,media,padrao_categoria,,
557,2026-07-25T18:27:07-03:00,2025-08-19,gasto,21.9,A,Streaming,Dm *Spotify,credito,2025-09-22,nubank-cartao,media,padrao_categoria,,
558,2026-07-25T18:27:07-03:00,2025-08-20,gasto,42.13,A,Restaurantes/Lanches,Padoca do Rei Panifica,credito,2025-09-22,nubank-cartao,media,padrao_categoria,,
559,2026-07-25T18:27:07-03:00,2025-08-20,gasto,110.0,A,Pix p/ pessoas,Transferência enviada pelo Pix - IGOR ROBERTO MICHALSKI DE S,pix,,nubank-conta,media,padrao_categoria,,
560,2026-07-25T18:27:07-03:00,2025-08-21,gasto,20.49,A,iFood,Ifd*52.606.931 Priscil,credito,2025-09-22,nubank-cartao,media,padrao_categoria,,
561,2026-07-25T18:27:07-03:00,2025-08-21,gasto,7.0,A,Restaurantes/Lanches,Pastelariaoreido,credito,2025-09-22,nubank-cartao,media,padrao_categoria,,
562,2026-07-25T18:27:07-03:00,2025-08-21,gasto,67.07,B,Mercado/Supermercado,Mercadolivre*2produto,credito,2025-09-22,nubank-cartao,media,padrao_categoria,,
563,2026-07-25T18:27:07-03:00,2025-08-21,gasto,67.14,B,Mercado/Supermercado,Mercadolivre*2produtos,credito,2025-09-22,nubank-cartao,media,padrao_categoria,,
564,2026-07-25T18:27:07-03:00,2025-08-21,gasto,49.06,B,Mercado/Supermercado,Leve Max,credito,2025-09-22,nubank-cartao,media,padrao_categoria,,
565,2026-07-25T18:27:07-03:00,2025-08-25,gasto,40.86,A,Restaurantes/Lanches,The Best,credito,2025-09-22,nubank-cartao,media,padrao_categoria,,
566,2026-07-25T18:27:07-03:00,2025-08-25,receita,350.0,B,Outros,ajuda do pai,pix,,nubank-conta,alta,dito,,
567,2026-07-25T18:27:07-03:00,2025-08-25,gasto,350.0,A,Pix p/ pessoas,Transferência enviada pelo Pix - IGOR ROBERTO MICHALSKI DE S,pix,,nubank-conta,media,padrao_categoria,,
568,2026-07-25T18:27:07-03:00,2025-08-26,gasto,50.0,B,Combustível,Auto Posto Guaicurus,credito,2025-09-22,nubank-cartao,media,padrao_categoria,,
569,2026-07-25T18:27:07-03:00,2025-08-26,gasto,6.0,A,Restaurantes/Lanches,Pastelaria O Rei do Pa,credito,2025-09-22,nubank-cartao,media,padrao_categoria,,
570,2026-07-25T18:27:07-03:00,2025-08-27,gasto,108.53,B,Mercado/Supermercado,Leve Max,credito,2025-09-22,nubank-cartao,media,padrao_categoria,,
571,2026-07-25T18:27:07-03:00,2025-08-29,gasto,32.68,A,Restaurantes/Lanches,The Best,credito,2025-09-22,nubank-cartao,media,padrao_categoria,,
572,2026-07-25T18:27:07-03:00,2025-08-30,gasto,152.16,B,Mercado/Supermercado,Melo e Cuenca e Filhos,credito,2025-09-22,nubank-cartao,media,padrao_categoria,,
573,2026-07-25T18:27:07-03:00,2025-08-30,gasto,30.0,A,Outros,Delicias da Vo Ana,credito,2025-09-22,nubank-cartao,media,padrao_categoria,,
574,2026-07-25T18:27:07-03:00,2025-08-31,gasto,20.03,A,Restaurantes/Lanches,The Best,credito,2025-09-22,nubank-cartao,media,padrao_categoria,,
575,2026-07-25T18:27:07-03:00,2025-08-31,gasto,29.99,A,Restaurantes/Lanches,Old Mexican Dourados,credito,2025-09-22,nubank-cartao,media,padrao_categoria,,
576,2026-07-25T18:27:07-03:00,2025-08-31,receita,350.0,B,Outros,ajuda do pai,pix,,nubank-conta,alta,dito,,
577,2026-07-25T18:27:07-03:00,2025-09-01,gasto,13.72,A,Restaurantes/Lanches,Kukao Sorvetes,credito,2025-09-22,nubank-cartao,media,padrao_categoria,,
578,2026-07-25T18:27:07-03:00,2025-09-01,gasto,81.6,A,Pix p/ pessoas,Transferência enviada pelo Pix - COMUTO SERVICOS DE TECNOLOG,pix,,nubank-conta,media,padrao_categoria,,
579,2026-07-25T18:27:07-03:00,2025-09-02,gasto,50.25,A,Outros,Viatur - Parcela 1/2,credito,2025-09-22,nubank-cartao,media,padrao_categoria,,
580,2026-07-25T18:27:07-03:00,2025-09-02,gasto,4.5,A,Outros,Criativa Papelaria e,credito,2025-09-22,nubank-cartao,media,padrao_categoria,,
581,2026-07-25T18:27:07-03:00,2025-09-02,gasto,50.0,B,Combustível,Posto Benjamim Oshiro,credito,2025-09-22,nubank-cartao,media,padrao_categoria,,
582,2026-07-25T18:27:07-03:00,2025-09-03,gasto,50.25,A,Outros,Viatur - Parcela 2/2,credito,2025-09-22,nubank-cartao,media,padrao_categoria,,
583,2026-07-25T18:27:07-03:00,2025-09-03,gasto,37.37,A,iFood,Ifood *Ifd*Leticia M,credito,2025-09-22,nubank-cartao,media,padrao_categoria,,
584,2026-07-25T18:27:07-03:00,2025-09-03,gasto,24.74,A,iFood,Ifood *Ifd*Rocha Gua,credito,2025-09-22,nubank-cartao,media,padrao_categoria,,
585,2026-07-25T18:27:07-03:00,2025-09-04,gasto,24.5,A,Outros,Pop 03set 12h54min,credito,2025-09-22,nubank-cartao,media,padrao_categoria,,
586,2026-07-25T18:27:07-03:00,2025-09-04,gasto,29.8,A,Outros,Pop 03set 11h29min,credito,2025-09-22,nubank-cartao,media,padrao_categoria,,
587,2026-07-25T18:27:07-03:00,2025-09-04,gasto,23.0,A,Outros,Ederalberto,credito,2025-09-22,nubank-cartao,media,padrao_categoria,,
588,2026-07-25T18:27:07-03:00,2025-09-04,gasto,33.0,A,Outros,Bom Tempero,credito,2025-09-22,nubank-cartao,media,padrao_categoria,,
589,2026-07-25T18:27:07-03:00,2025-09-04,gasto,27.0,A,Outros,Vfs Brasil,credito,2025-09-22,nubank-cartao,media,padrao_categoria,,
590,2026-07-25T18:27:07-03:00,2025-09-05,gasto,34.74,A,iFood,Ifood *Ifd*Restauran,credito,2025-09-22,nubank-cartao,media,padrao_categoria,,
591,2026-07-25T18:27:07-03:00,2025-09-05,gasto,20.2,A,Outros,Pop 03set 19h24min,credito,2025-09-22,nubank-cartao,media,padrao_categoria,,
592,2026-07-25T18:27:07-03:00,2025-09-05,gasto,102.74,B,Mercado/Supermercado,Leve Max,credito,2025-09-22,nubank-cartao,media,padrao_categoria,,
593,2026-07-25T18:27:07-03:00,2025-09-05,gasto,47.28,B,Mercado/Supermercado,Melo e Cuenca e Filhos,credito,2025-09-22,nubank-cartao,media,padrao_categoria,,
594,2026-07-25T18:27:07-03:00,2025-09-06,gasto,21.0,A,Outros,54398512maria,credito,2025-09-22,nubank-cartao,media,padrao_categoria,,
595,2026-07-25T18:27:07-03:00,2025-09-07,gasto,44.98,B,Mercado/Supermercado,Leve Max,credito,2025-09-22,nubank-cartao,media,padrao_categoria,,
596,2026-07-25T18:27:07-03:00,2025-09-07,gasto,18.45,B,Mercado/Supermercado,Melo e Cuenca e Filhos,credito,2025-09-22,nubank-cartao,media,padrao_categoria,,
597,2026-07-25T18:27:07-03:00,2025-09-08,receita,350.0,B,Outros,ajuda do pai,pix,,nubank-conta,alta,dito,,
598,2026-07-25T18:27:07-03:00,2025-09-08,gasto,162.5,A,Pix p/ pessoas,Transferência enviada pelo Pix - Igor Roberto Michalski de S,pix,,nubank-conta,media,padrao_categoria,,
599,2026-07-25T18:27:07-03:00,2025-09-08,gasto,13.91,A,Pix p/ pessoas,Transferência enviada pelo Pix - Igor Roberto Michalski de S,pix,,nubank-conta,media,padrao_categoria,,
600,2026-07-25T18:27:07-03:00,2025-09-09,gasto,19.49,B,Mercado/Supermercado,Leve Max,credito,2025-09-22,nubank-cartao,media,padrao_categoria,,
601,2026-07-25T18:27:07-03:00,2025-09-10,gasto,10.0,A,Outros,Senhoras Cantina,credito,2025-09-22,nubank-cartao,media,padrao_categoria,,
602,2026-07-25T18:27:07-03:00,2025-09-11,gasto,32.0,A,Restaurantes/Lanches,Restaurante Spetos,credito,2025-09-22,nubank-cartao,media,padrao_categoria,,
603,2026-07-25T18:27:07-03:00,2025-09-11,gasto,6.0,A,Outros,Senhoras Cantina,credito,2025-09-22,nubank-cartao,media,padrao_categoria,,
604,2026-07-25T18:27:07-03:00,2025-09-11,gasto,41.65,A,Restaurantes/Lanches,The Best,credito,2025-09-22,nubank-cartao,media,padrao_categoria,,
605,2026-07-25T18:27:07-03:00,2025-09-11,gasto,10.32,A,Restaurantes/Lanches,Kukao Sorvetes,credito,2025-09-22,nubank-cartao,media,padrao_categoria,,
606,2026-07-25T18:27:07-03:00,2025-09-11,gasto,87.0,A,Restaurantes/Lanches,Old Mexican Dourados,credito,2025-09-22,nubank-cartao,media,padrao_categoria,,
607,2026-07-25T18:27:07-03:00,2025-09-12,gasto,28.0,A,Outros,Esquina do Espeto,credito,2025-09-22,nubank-cartao,media,padrao_categoria,,
608,2026-07-25T18:27:07-03:00,2025-09-13,gasto,5.95,A,iFood Club,Ifd*Ifood Club,credito,2025-09-22,nubank-cartao,media,padrao_categoria,,
609,2026-07-25T18:27:07-03:00,2025-09-14,gasto,49.04,B,Mercado/Supermercado,Leve Max,credito,2025-09-22,nubank-cartao,media,padrao_categoria,,
610,2026-07-25T18:27:07-03:00,2025-09-14,gasto,174.9,B,Marmita (Fitfood),Fitfooddourados,credito,2025-09-22,nubank-cartao,media,padrao_categoria,,
611,2026-07-25T18:27:07-03:00,2025-09-14,gasto,24.99,A,iFood,Ifood *Ifd*Getulios,credito,2025-09-22,nubank-cartao,media,padrao_categoria,,
612,2026-07-25T18:27:07-03:00,2025-09-14,gasto,17.2,B,Mercado/Supermercado,Melo e Cuenca e Filhos,credito,2025-09-22,nubank-cartao,media,padrao_categoria,,
613,2026-07-25T18:27:07-03:00,2025-09-15,receita,350.0,B,Outros,ajuda do pai,pix,,nubank-conta,alta,dito,,
614,2026-07-25T18:27:07-03:00,2025-09-15,gasto,18.0,A,Outros,Compra no débito - FLASH LAVAGEM EXPRESSA,debito,,nubank-conta,media,padrao_categoria,,
615,2026-07-25T18:27:07-03:00,2025-09-16,gasto,26.9,A,Streaming,Google Youtubepremium,credito,2025-10-22,nubank-cartao,media,padrao_categoria,,
616,2026-07-25T18:27:07-03:00,2025-09-16,gasto,54.73,B,Mercado/Supermercado,Leve Max,credito,2025-10-22,nubank-cartao,media,padrao_categoria,,
617,2026-07-25T18:27:07-03:00,2025-09-16,gasto,100.0,A,Pix p/ pessoas,Transferência enviada pelo Pix - Igor Roberto Michalski de S,pix,,nubank-conta,media,padrao_categoria,,
618,2026-07-25T18:27:07-03:00,2025-09-17,gasto,67.0,A,Restaurantes/Lanches,Vinis Pizzaria,credito,2025-10-22,nubank-cartao,media,padrao_categoria,,
619,2026-07-25T18:27:07-03:00,2025-09-17,gasto,13.87,B,Mercado/Supermercado,Leve Max,credito,2025-10-22,nubank-cartao,media,padrao_categoria,,
620,2026-07-25T18:27:07-03:00,2025-09-19,gasto,110.0,A,Saúde/Academia,Iron Gym,credito,2025-10-22,nubank-cartao,media,padrao_categoria,,
621,2026-07-25T18:27:07-03:00,2025-09-19,gasto,23.9,A,Streaming,Dm *Spotify,credito,2025-10-22,nubank-cartao,media,padrao_categoria,,
622,2026-07-25T18:27:07-03:00,2025-09-19,gasto,17.5,A,Pix p/ pessoas,Transferência enviada pelo Pix - Igor Monteiro Nunes - •••.2,pix,,nubank-conta,media,padrao_categoria,,
623,2026-07-25T18:27:07-03:00,2025-09-19,gasto,81.3,A,Pix p/ pessoas,Transferência enviada pelo Pix - EMPRESA BRASILEIRA DE CORRE,pix,,nubank-conta,media,padrao_categoria,,
624,2026-07-25T18:27:07-03:00,2025-09-20,gasto,28.11,A,Restaurantes/Lanches,Kukao Sorvetes,credito,2025-10-22,nubank-cartao,media,padrao_categoria,,
625,2026-07-25T18:27:07-03:00,2025-09-20,gasto,2.3,A,Outros,Criativa Papelaria e,credito,2025-10-22,nubank-cartao,media,padrao_categoria,,
626,2026-07-25T18:27:07-03:00,2025-09-21,gasto,174.9,B,Marmita (Fitfood),Fitfooddourados,credito,2025-10-22,nubank-cartao,media,padrao_categoria,,
627,2026-07-25T18:27:07-03:00,2025-09-22,gasto,173.41,B,Mercado/Supermercado,Leve Max,credito,2025-10-22,nubank-cartao,media,padrao_categoria,,
628,2026-07-25T18:27:07-03:00,2025-09-22,gasto,17.47,B,Mercado/Supermercado,Melo e Cuenca e Filhos,credito,2025-10-22,nubank-cartao,media,padrao_categoria,,
629,2026-07-25T18:27:07-03:00,2025-09-22,gasto,22.07,A,Restaurantes/Lanches,Kukao Sorvetes,credito,2025-10-22,nubank-cartao,media,padrao_categoria,,
630,2026-07-25T18:27:07-03:00,2025-09-22,receita,250.0,B,Outros,ajuda do pai,pix,,nubank-conta,alta,dito,,
631,2026-07-25T18:27:07-03:00,2025-09-22,receita,100.0,B,Outros,ajuda do pai,pix,,nubank-conta,alta,dito,,
632,2026-07-25T18:27:07-03:00,2025-09-23,gasto,67.63,A,iFood,Ifd*Na Brasa Brasil,credito,2025-10-22,nubank-cartao,media,padrao_categoria,,
633,2026-07-25T18:27:07-03:00,2025-09-24,gasto,9.0,A,Outros,Senhoras Cantina,credito,2025-10-22,nubank-cartao,media,padrao_categoria,,
634,2026-07-25T18:27:07-03:00,2025-09-25,gasto,19.64,A,Restaurantes/Lanches,Pao Dourado,credito,2025-10-22,nubank-cartao,media,padrao_categoria,,
635,2026-07-25T18:27:07-03:00,2025-09-26,gasto,100.0,B,Combustível,Auto Posto Guaicurus,credito,2025-10-22,nubank-cartao,media,padrao_categoria,,
636,2026-07-25T18:27:07-03:00,2025-09-26,gasto,74.66,A,Outros,Abeve Albino Torraca,credito,2025-10-22,nubank-cartao,media,padrao_categoria,,
637,2026-07-25T18:27:07-03:00,2025-09-27,gasto,48.52,A,Pix p/ pessoas,Transferência enviada pelo Pix - Igor Roberto Michalski de S,pix,,nubank-conta,media,padrao_categoria,,
638,2026-07-25T18:27:07-03:00,2025-09-28,gasto,37.9,B,Mercado/Supermercado,Melo e Cuenca e Filhos,credito,2025-10-22,nubank-cartao,media,padrao_categoria,,
639,2026-07-25T18:27:07-03:00,2025-09-28,gasto,55.29,B,Mercado/Supermercado,Leve Max,credito,2025-10-22,nubank-cartao,media,padrao_categoria,,
640,2026-07-25T18:27:07-03:00,2025-09-28,gasto,77.0,A,Outros,Jhady Nunes,credito,2025-10-22,nubank-cartao,media,padrao_categoria,,
641,2026-07-25T18:27:07-03:00,2025-09-28,gasto,183.2,B,Marmita (Fitfood),Fit Food,credito,2025-10-22,nubank-cartao,media,padrao_categoria,,
642,2026-07-25T18:27:07-03:00,2025-09-28,gasto,2636.5,A,Pix p/ pessoas,Transferência enviada pelo Pix - JOAO PEDRO RECALCATTI - •••,pix,,nubank-conta,media,padrao_categoria,,
643,2026-07-25T18:27:07-03:00,2025-09-29,gasto,3.0,A,Restaurantes/Lanches,Kukao Sorvetes,credito,2025-10-22,nubank-cartao,media,padrao_categoria,,
644,2026-07-25T18:27:07-03:00,2025-09-29,gasto,72.89,A,Outros,Drogasil,credito,2025-10-22,nubank-cartao,media,padrao_categoria,,
645,2026-07-25T18:27:07-03:00,2025-09-29,receita,350.0,B,Outros,ajuda do pai,pix,,nubank-conta,alta,dito,,
646,2026-07-25T18:27:07-03:00,2025-09-29,gasto,350.0,A,Pix p/ pessoas,Transferência enviada pelo Pix - Agatha Bezerra de Oliveira ,pix,,nubank-conta,media,padrao_categoria,,
647,2026-07-25T18:27:07-03:00,2025-10-01,gasto,28.88,A,Restaurantes/Lanches,Kukao Sorvetes,credito,2025-10-22,nubank-cartao,media,padrao_categoria,,
648,2026-07-25T18:27:07-03:00,2025-10-02,gasto,28.0,A,Outros,Jhady Nunes,credito,2025-10-22,nubank-cartao,media,padrao_categoria,,
649,2026-07-25T18:27:07-03:00,2025-10-02,gasto,43.05,B,Mercado/Supermercado,Leve Max,credito,2025-10-22,nubank-cartao,media,padrao_categoria,,
650,2026-07-25T18:27:07-03:00,2025-10-03,gasto,17.79,A,Restaurantes/Lanches,Kukao Sorvetes,credito,2025-10-22,nubank-cartao,media,padrao_categoria,,
651,2026-07-25T18:27:07-03:00,2025-10-03,gasto,32.99,A,Restaurantes/Lanches,Old Mexican Dourados,credito,2025-10-22,nubank-cartao,media,padrao_categoria,,
652,2026-07-25T18:27:07-03:00,2025-10-03,gasto,50.0,A,Outros,Leticiadacunha,credito,2025-10-22,nubank-cartao,media,padrao_categoria,,
653,2026-07-25T18:27:07-03:00,2025-10-04,gasto,42.0,A,Outros,Barbearia Dutra Ramos,credito,2025-10-22,nubank-cartao,media,padrao_categoria,,
654,2026-07-25T18:27:07-03:00,2025-10-04,gasto,103.25,A,Outros,Nutricionista Samara G,credito,2025-10-22,nubank-cartao,media,padrao_categoria,,
655,2026-07-25T18:27:07-03:00,2025-10-05,gasto,100.0,B,Combustível,Posto Benjamim Oshiro,credito,2025-10-22,nubank-cartao,media,padrao_categoria,,
656,2026-07-25T18:27:07-03:00,2025-10-05,gasto,174.9,B,Marmita (Fitfood),Fitfooddourados,credito,2025-10-22,nubank-cartao,media,padrao_categoria,,
657,2026-07-25T18:27:07-03:00,2025-10-05,gasto,151.15,B,Mercado/Supermercado,Comper,credito,2025-10-22,nubank-cartao,media,padrao_categoria,,
658,2026-07-25T18:27:07-03:00,2025-10-05,gasto,32.09,A,Outros,Abeve Albino Torraca,credito,2025-10-22,nubank-cartao,media,padrao_categoria,,
659,2026-07-25T18:27:07-03:00,2025-10-06,gasto,19.37,A,Restaurantes/Lanches,The Best,credito,2025-10-22,nubank-cartao,media,padrao_categoria,,
660,2026-07-25T18:27:07-03:00,2025-10-06,receita,350.0,B,Outros,ajuda do pai,pix,,nubank-conta,alta,dito,,
661,2026-07-25T18:27:07-03:00,2025-10-06,gasto,7.0,A,Pix p/ pessoas,Transferência enviada pelo Pix - Juliana Pogliesi Fernandes ,pix,,nubank-conta,media,padrao_categoria,,
662,2026-07-25T18:27:07-03:00,2025-10-08,gasto,19.0,A,Pix p/ pessoas,Transferência enviada pelo Pix - Kauan Henrick Teixeira da S,pix,,nubank-conta,media,padrao_categoria,,
663,2026-07-25T18:27:07-03:00,2025-10-10,gasto,50.0,A,Pix p/ pessoas,Transferência enviada pelo Pix - Edimaria Marques Barros - •,pix,,nubank-conta,media,padrao_categoria,,
664,2026-07-25T18:27:07-03:00,2025-10-12,gasto,3.0,A,Restaurantes/Lanches,Old Mexican Dourados,credito,2025-10-22,nubank-cartao,media,padrao_categoria,,
665,2026-07-25T18:27:07-03:00,2025-10-12,gasto,31.77,B,Mercado/Supermercado,Leve Max,credito,2025-10-22,nubank-cartao,media,padrao_categoria,,
666,2026-07-25T18:27:07-03:00,2025-10-12,gasto,60.0,A,Restaurantes/Lanches,Old Mexican Dourados,credito,2025-10-22,nubank-cartao,media,padrao_categoria,,
667,2026-07-25T18:27:07-03:00,2025-10-13,gasto,5.95,A,iFood Club,Ifd*Ifood Club,credito,2025-10-22,nubank-cartao,media,padrao_categoria,,
668,2026-07-25T18:27:07-03:00,2025-10-13,gasto,32.5,A,Restaurantes/Lanches,Kukao Sorvetes,credito,2025-10-22,nubank-cartao,media,padrao_categoria,,
669,2026-07-25T18:27:07-03:00,2025-10-13,receita,350.0,B,Outros,ajuda do pai,pix,,nubank-conta,alta,dito,,
670,2026-07-25T18:27:07-03:00,2025-10-13,gasto,30.0,A,Pix p/ pessoas,Transferência enviada pelo Pix - MI REPARACAO E MANUTENCAO A,pix,,nubank-conta,media,padrao_categoria,,
671,2026-07-25T18:27:07-03:00,2025-10-14,gasto,174.9,B,Marmita (Fitfood),Fitfooddourados,credito,2025-10-22,nubank-cartao,media,padrao_categoria,,
672,2026-07-25T18:27:07-03:00,2025-10-15,gasto,47.31,A,Restaurantes/Lanches,The Best,credito,2025-11-22,nubank-cartao,media,padrao_categoria,,
673,2026-07-25T18:27:07-03:00,2025-10-16,gasto,26.9,A,Streaming,Google Youtubepremium,credito,2025-11-22,nubank-cartao,media,padrao_categoria,,
674,2026-07-25T18:27:07-03:00,2025-10-16,gasto,16.99,A,Serviços online/Tech,Amazonmktplc*Etiquetad,credito,2025-11-22,nubank-cartao,media,padrao_categoria,,
675,2026-07-25T18:27:07-03:00,2025-10-16,gasto,20.0,A,Restaurantes/Lanches,Kukao Sorvetes,credito,2025-11-22,nubank-cartao,media,padrao_categoria,,
676,2026-07-25T18:27:07-03:00,2025-10-16,gasto,25.9,A,Serviços online/Tech,Amazonmktplc*Martineze,credito,2025-11-22,nubank-cartao,media,padrao_categoria,,
677,2026-07-25T18:27:07-03:00,2025-10-16,gasto,300.0,A,Pix p/ pessoas,Transferência enviada pelo Pix - Agatha Bezerra de Oliveira ,pix,,nubank-conta,media,padrao_categoria,,
678,2026-07-25T18:27:07-03:00,2025-10-17,gasto,230.27,B,Mercado/Supermercado,Leve Max,credito,2025-11-22,nubank-cartao,media,padrao_categoria,,
679,2026-07-25T18:27:07-03:00,2025-10-17,gasto,40.97,A,iFood,Ifd*Pires Ozaki,credito,2025-11-22,nubank-cartao,media,padrao_categoria,,
680,2026-07-25T18:27:07-03:00,2025-10-17,gasto,36.94,A,Outros,Pagamento de boleto efetuado - YAPAY PAGAMENTOS ONLINE LTDA,debito,,nubank-conta,media,padrao_categoria,,
681,2026-07-25T18:27:07-03:00,2025-10-18,gasto,17.99,A,Outros,Elohim Produtos,credito,2025-11-22,nubank-cartao,media,padrao_categoria,,
682,2026-07-25T18:27:07-03:00,2025-10-18,gasto,10.05,A,Viagem/Passagens,Transferência enviada pelo Pix - VIACAO DOURADOS LTDA - 06.2,pix,,nubank-conta,media,padrao_categoria,,
683,2026-07-25T18:27:07-03:00,2025-10-18,gasto,45.0,A,Pix p/ pessoas,Transferência enviada pelo Pix - Nicolas Correa Rocha - •••.,pix,,nubank-conta,media,padrao_categoria,,
684,2026-07-25T18:27:07-03:00,2025-10-19,gasto,24.94,A,Outros,Abeve Albino Torraca,credito,2025-11-22,nubank-cartao,media,padrao_categoria,,
685,2026-07-25T18:27:07-03:00,2025-10-19,gasto,23.9,A,Streaming,Dm *Spotify,credito,2025-11-22,nubank-cartao,media,padrao_categoria,,
686,2026-07-25T18:27:07-03:00,2025-10-20,gasto,166.0,A,Restaurantes/Lanches,Santa Pizza,credito,2025-11-22,nubank-cartao,media,padrao_categoria,,
687,2026-07-25T18:27:07-03:00,2025-10-21,gasto,8.0,A,Pix p/ pessoas,Transferência enviada pelo Pix - Kauan Henrick Teixeira da S,pix,,nubank-conta,media,padrao_categoria,,
688,2026-07-25T18:27:07-03:00,2025-10-22,gasto,110.0,A,Saúde/Academia,Iron Gym,credito,2025-11-22,nubank-cartao,media,padrao_categoria,,
689,2026-07-25T18:27:07-03:00,2025-10-22,gasto,49.5,A,Outros,49234227pedro,credito,2025-11-22,nubank-cartao,media,padrao_categoria,,
690,2026-07-25T18:27:07-03:00,2025-10-22,gasto,22.67,A,Restaurantes/Lanches,Padoca do Rei Panifica,credito,2025-11-22,nubank-cartao,media,padrao_categoria,,
691,2026-07-25T18:27:07-03:00,2025-10-24,gasto,173.08,A,Outros,Rdsaude Online,credito,2025-11-22,nubank-cartao,media,padrao_categoria,,
692,2026-07-25T18:27:07-03:00,2025-10-24,gasto,50.0,A,Pix p/ pessoas,Transferência enviada pelo Pix - Edimaria Marques Barros - •,pix,,nubank-conta,media,padrao_categoria,,
693,2026-07-25T18:27:07-03:00,2025-10-24,receita,470.0,B,Outros,ajuda do pai,pix,,nubank-conta,alta,dito,,
694,2026-07-25T18:27:07-03:00,2025-10-24,gasto,537.11,A,Pix p/ pessoas,Transferência enviada pelo Pix - Agatha Bezerra de Oliveira ,pix,,nubank-conta,media,padrao_categoria,,
695,2026-07-25T18:27:07-03:00,2025-10-24,gasto,12.95,A,Pix p/ pessoas,Transferência enviada pelo Pix - Agatha Bezerra de Oliveira ,pix,,nubank-conta,media,padrao_categoria,,
696,2026-07-25T18:27:07-03:00,2025-10-25,gasto,184.6,B,Marmita (Fitfood),Fit Food,credito,2025-11-22,nubank-cartao,media,padrao_categoria,,
697,2026-07-25T18:27:07-03:00,2025-10-25,gasto,6.0,A,Outros,Criativa Papelaria e,credito,2025-11-22,nubank-cartao,media,padrao_categoria,,
698,2026-07-25T18:27:07-03:00,2025-10-26,gasto,37.66,B,Mercado/Supermercado,Leve Max,credito,2025-11-22,nubank-cartao,media,padrao_categoria,,
699,2026-07-25T18:27:07-03:00,2025-10-27,gasto,25.0,A,Restaurantes/Lanches,The Best,credito,2025-11-22,nubank-cartao,media,padrao_categoria,,
700,2026-07-25T18:27:07-03:00,2025-10-27,gasto,30.0,B,Combustível,Compra no débito - AUTO POSTO GUAICURUS,debito,,nubank-conta,media,padrao_categoria,,
701,2026-07-25T18:27:07-03:00,2025-10-29,gasto,70.49,B,Mercado/Supermercado,Leve Max,credito,2025-11-22,nubank-cartao,media,padrao_categoria,,
702,2026-07-25T18:27:07-03:00,2025-10-30,gasto,73.4,A,Pix p/ pessoas,Transferência enviada pelo Pix - Kauan Henrick Teixeira da S,pix,,nubank-conta,media,padrao_categoria,,
703,2026-07-25T18:27:07-03:00,2025-10-31,gasto,199.9,A,Outros,Bellatrattoria,credito,2025-11-22,nubank-cartao,media,padrao_categoria,,
704,2026-07-25T18:27:07-03:00,2025-10-31,gasto,40.0,A,Outros,Compra no débito - DUTRA RAMOS,debito,,nubank-conta,media,padrao_categoria,,
705,2026-07-25T18:27:07-03:00,2025-10-31,gasto,18.0,A,Pix p/ pessoas,Transferência enviada pelo Pix - Agatha Bezerra de Oliveira ,pix,,nubank-conta,media,padrao_categoria,,
706,2026-07-25T18:27:07-03:00,2025-11-01,gasto,46.37,A,Outros,Carrefour Aeroporto Xg,credito,2025-11-22,nubank-cartao,media,padrao_categoria,,
707,2026-07-25T18:27:07-03:00,2025-11-02,receita,350.0,B,Outros,ajuda do pai,pix,,nubank-conta,alta,dito,,
708,2026-07-25T18:27:07-03:00,2025-11-08,gasto,111.42,A,Serviços online/Tech,Openai *Chatgpt Subscr,credito,2025-11-22,nubank-cartao,media,padrao_categoria,,
709,2026-07-25T18:27:07-03:00,2025-11-08,gasto,3.89,A,Serviços online/Tech,"IOF de ""Openai *Chatgpt Subscr""",credito,2025-11-22,nubank-cartao,media,padrao_categoria,,
710,2026-07-25T18:27:07-03:00,2025-11-10,gasto,105.51,A,Pix p/ pessoas,Transferência enviada pelo Pix - Agatha Bezerra de Oliveira ,pix,,nubank-conta,media,padrao_categoria,,
711,2026-07-25T18:27:07-03:00,2025-11-12,gasto,133.2,A,Viagem/Passagens,Latam Air,credito,2025-11-22,nubank-cartao,media,padrao_categoria,,
712,2026-07-25T18:27:07-03:00,2025-11-13,gasto,16.32,A,Pix p/ pessoas,Transferência enviada pelo Pix - Kauan Henrick Teixeira da S,pix,,nubank-conta,media,padrao_categoria,,
713,2026-07-25T18:27:07-03:00,2025-11-15,gasto,904.36,A,Viagem/Passagens,Airbnb * Inc,credito,2025-12-22,nubank-cartao,media,padrao_categoria,,
714,2026-07-25T18:27:07-03:00,2025-11-16,gasto,26.9,A,Streaming,Google Youtubepremium,credito,2025-12-22,nubank-cartao,media,padrao_categoria,,
715,2026-07-25T18:27:07-03:00,2025-11-17,gasto,21.43,A,Outros,Shopee *Srsragomes,credito,2025-12-22,nubank-cartao,media,padrao_categoria,,
716,2026-07-25T18:27:07-03:00,2025-11-18,gasto,1000.0,A,Pix p/ pessoas,Transferência enviada pelo Pix - Igor Roberto Michalski de S,pix,,nubank-conta,media,padrao_categoria,,
717,2026-07-25T18:27:07-03:00,2025-11-19,gasto,23.9,A,Streaming,Dm*Spotify,credito,2025-12-22,nubank-cartao,media,padrao_categoria,,
718,2026-07-25T18:27:07-03:00,2025-11-22,gasto,170.54,A,Viagem/Passagens,Airbnb * Hm9yd8s9by,credito,2025-12-22,nubank-cartao,media,padrao_categoria,,
719,2026-07-25T18:27:07-03:00,2025-11-22,gasto,180.0,A,Pix p/ pessoas,Transferência enviada pelo Pix - Igor Roberto Michalski de S,pix,,nubank-conta,media,padrao_categoria,,
720,2026-07-25T18:27:07-03:00,2025-11-24,gasto,367.95,A,Pix p/ pessoas,Igor Roberto Michalski de Souza,credito,2025-12-22,nubank-cartao,media,padrao_categoria,,
721,2026-07-25T18:27:07-03:00,2025-11-24,gasto,350.0,A,Pix p/ pessoas,Transferência enviada pelo Pix - Igor Roberto Michalski de S,pix,,nubank-conta,media,padrao_categoria,,
722,2026-07-25T18:27:07-03:00,2025-11-26,gasto,51.52,A,Outros,Edimaria Marques Barros,credito,2025-12-22,nubank-cartao,media,padrao_categoria,,
723,2026-07-25T18:27:07-03:00,2025-11-26,gasto,50.0,A,Pix p/ pessoas,Transferência enviada pelo Pix - Edimaria Marques Barros - •,pix,,nubank-conta,media,padrao_categoria,,
724,2026-07-25T18:27:07-03:00,2025-11-27,gasto,411.78,A,Pix p/ pessoas,Igor Roberto Michalski de Souza,credito,2025-12-22,nubank-cartao,media,padrao_categoria,,
725,2026-07-25T18:27:07-03:00,2025-11-27,gasto,400.0,A,Pix p/ pessoas,Transferência enviada pelo Pix - Igor Roberto Michalski de S,pix,,nubank-conta,media,padrao_categoria,,
726,2026-07-25T18:27:07-03:00,2025-11-27,gasto,491.0,A,Pix p/ pessoas,Transferência enviada pelo Pix - Agatha Bezerra de Oliveira ,pix,,nubank-conta,media,padrao_categoria,,
727,2026-07-25T18:27:07-03:00,2025-11-28,gasto,313.32,A,Pix p/ pessoas,Igor Roberto Michalski de Souza,credito,2025-12-22,nubank-cartao,media,padrao_categoria,,
728,2026-07-25T18:27:07-03:00,2025-11-28,gasto,300.0,A,Pix p/ pessoas,Transferência enviada pelo Pix - Igor Roberto Michalski de S,pix,,nubank-conta,media,padrao_categoria,,
729,2026-07-25T18:27:07-03:00,2025-11-29,gasto,48.5,A,Viagem/Passagens,Buson *Airport Bus S,credito,2025-12-22,nubank-cartao,media,padrao_categoria,,
730,2026-07-25T18:27:07-03:00,2025-11-29,gasto,483.4,A,Viagem/Passagens,Wwwemba*Emb*Lopesul,credito,2025-12-22,nubank-cartao,media,padrao_categoria,,
731,2026-07-25T18:27:07-03:00,2025-11-30,gasto,169.59,A,Outros,Gol Lin*Wiebrt0149176,credito,2025-12-22,nubank-cartao,media,padrao_categoria,,
732,2026-07-25T18:27:07-03:00,2025-12-01,gasto,50.0,A,Pix p/ pessoas,Transferência enviada pelo Pix - Igor Roberto Michalski de S,pix,,nubank-conta,media,padrao_categoria,,
733,2026-07-25T18:27:07-03:00,2025-12-02,gasto,483.4,A,Viagem/Passagens,Wwwemba*Emb*Lopesul,credito,2025-12-22,nubank-cartao,media,padrao_categoria,,
734,2026-07-25T18:27:07-03:00,2025-12-03,gasto,41.42,A,Outros,Igor Monteiro Nunes,credito,2025-12-22,nubank-cartao,media,padrao_categoria,,
735,2026-07-25T18:27:07-03:00,2025-12-03,gasto,51.79,A,Outros,IGOR MONTEIRO NUNES,credito,2025-12-22,nubank-cartao,media,padrao_categoria,,
736,2026-07-25T18:27:07-03:00,2025-12-03,gasto,40.0,A,Pix p/ pessoas,Transferência enviada pelo Pix - Igor Monteiro Nunes - •••.2,pix,,nubank-conta,media,padrao_categoria,,
737,2026-07-25T18:27:07-03:00,2025-12-03,gasto,50.0,A,Pix p/ pessoas,Transferência enviada pelo Pix - IGOR MONTEIRO NUNES - •••.2,pix,,nubank-conta,media,padrao_categoria,,
738,2026-07-25T18:27:07-03:00,2025-12-04,gasto,152.12,A,Outros,MARISTELA DE CASTRO MENEZES,credito,2025-12-22,nubank-cartao,media,padrao_categoria,,
739,2026-07-25T18:27:07-03:00,2025-12-04,gasto,15.0,A,Outros,Floricultura,credito,2025-12-22,nubank-cartao,media,padrao_categoria,,
740,2026-07-25T18:27:07-03:00,2025-12-04,gasto,33.0,A,Outros,49234227pedro,credito,2025-12-22,nubank-cartao,media,padrao_categoria,,
741,2026-07-25T18:27:07-03:00,2025-12-04,gasto,11.0,A,Outros,Zitao Rio Brilhante,credito,2025-12-22,nubank-cartao,media,padrao_categoria,,
742,2026-07-25T18:27:07-03:00,2025-12-04,gasto,63.0,A,Outros,Divino Fogao,credito,2025-12-22,nubank-cartao,media,padrao_categoria,,
743,2026-07-25T18:27:07-03:00,2025-12-04,gasto,50.0,B,Combustível,Auto Posto Guaicurus,credito,2025-12-22,nubank-cartao,media,padrao_categoria,,
744,2026-07-25T18:27:07-03:00,2025-12-04,gasto,26.38,A,Outros,Carrefour Aeroporto Xg,credito,2025-12-22,nubank-cartao,media,padrao_categoria,,
745,2026-07-25T18:27:07-03:00,2025-12-04,gasto,9.1,B,Mercado/Supermercado,Motiva Pantanal,credito,2025-12-22,nubank-cartao,media,padrao_categoria,,
746,2026-07-25T18:27:07-03:00,2025-12-04,gasto,10.0,B,Mercado/Supermercado,Motiva Pantanal,credito,2025-12-22,nubank-cartao,media,padrao_categoria,,
747,2026-07-25T18:27:07-03:00,2025-12-04,gasto,147.11,A,Pix p/ pessoas,Transferência enviada pelo Pix - MARISTELA DE CASTRO MENEZES,pix,,nubank-conta,media,padrao_categoria,,
748,2026-07-25T18:27:07-03:00,2025-12-05,gasto,180.26,B,Mercado/Supermercado,Leve Max,credito,2025-12-22,nubank-cartao,media,padrao_categoria,,
749,2026-07-25T18:27:07-03:00,2025-12-05,gasto,249.1,A,Outros,Potencial Te* Dourados,credito,2025-12-22,nubank-cartao,media,padrao_categoria,,
750,2026-07-25T18:27:07-03:00,2025-12-05,gasto,1.16,A,Outros,"IOF de ""Paddle.Net* Clzmstr""",credito,2025-12-22,nubank-cartao,media,padrao_categoria,,
751,2026-07-25T18:27:07-03:00,2025-12-05,gasto,33.21,A,Outros,Paddle.Net* Clzmstr,credito,2025-12-22,nubank-cartao,media,padrao_categoria,,
752,2026-07-25T18:27:07-03:00,2025-12-05,gasto,19.62,A,Outros,Casa Hortifruti,credito,2025-12-22,nubank-cartao,media,padrao_categoria,,
753,2026-07-25T18:27:07-03:00,2025-12-06,gasto,40.0,A,Restaurantes/Lanches,Kukao Sorvetes,credito,2025-12-22,nubank-cartao,media,padrao_categoria,,
754,2026-07-25T18:27:07-03:00,2025-12-06,receita,350.0,B,Outros,ajuda do pai,pix,,nubank-conta,alta,dito,,
755,2026-07-25T18:27:07-03:00,2025-12-07,gasto,0.99,A,iFood,Ifd*54.609.237 Ana Car,credito,2025-12-22,nubank-cartao,media,padrao_categoria,,
756,2026-07-25T18:27:07-03:00,2025-12-08,gasto,45.62,A,Outros,Abeve Albino Torraca,credito,2025-12-22,nubank-cartao,media,padrao_categoria,,
757,2026-07-25T18:27:07-03:00,2025-12-08,gasto,45.08,A,Pix p/ pessoas,Transferência enviada pelo Pix - Agatha Bezerra de Oliveira ,pix,,nubank-conta,media,padrao_categoria,,
758,2026-07-25T18:27:07-03:00,2025-12-09,gasto,40.0,A,Restaurantes/Lanches,Old Mexican Dourados,credito,2025-12-22,nubank-cartao,media,padrao_categoria,,
759,2026-07-25T18:27:07-03:00,2025-12-09,gasto,47.0,A,Outros,Barbearia Dutra Ramos,credito,2025-12-22,nubank-cartao,media,padrao_categoria,,
760,2026-07-25T18:27:07-03:00,2025-12-09,gasto,20.0,B,Combustível,Compra no débito - AUTO POSTO GUAICURUS,debito,,nubank-conta,media,padrao_categoria,,
761,2026-07-25T18:27:07-03:00,2025-12-10,gasto,25.31,A,Restaurantes/Lanches,The Best,credito,2025-12-22,nubank-cartao,media,padrao_categoria,,
762,2026-07-25T18:27:07-03:00,2025-12-10,gasto,40.7,A,Pix p/ pessoas,Transferência enviada pelo Pix - Agatha Bezerra de Oliveira ,pix,,nubank-conta,media,padrao_categoria,,
763,2026-07-25T18:27:07-03:00,2025-12-11,gasto,40.95,A,iFood,Ifd*Abv Comercio de Al,credito,2025-12-22,nubank-cartao,media,padrao_categoria,,
764,2026-07-25T18:27:07-03:00,2025-12-11,gasto,24.32,A,Pix p/ pessoas,Transferência enviada pelo Pix - Agatha Bezerra de Oliveira ,pix,,nubank-conta,media,padrao_categoria,,
765,2026-07-25T18:27:07-03:00,2025-12-12,gasto,29.9,A,Outros,Red Iron Unid 01 Doura,credito,2025-12-22,nubank-cartao,media,padrao_categoria,,
766,2026-07-25T18:27:07-03:00,2025-12-12,gasto,65.0,A,Outros,Espetinho do Papai,credito,2025-12-22,nubank-cartao,media,padrao_categoria,,
767,2026-07-25T18:27:07-03:00,2025-12-12,gasto,29.0,A,Outros,Rei do Mate Avenida Ce,credito,2025-12-22,nubank-cartao,media,padrao_categoria,,
768,2026-07-25T18:27:07-03:00,2025-12-12,gasto,25.9,A,Restaurantes/Lanches,The Best,credito,2025-12-22,nubank-cartao,media,padrao_categoria,,
769,2026-07-25T18:27:07-03:00,2025-12-13,gasto,30.5,A,Outros,Luizalbertodesouz,credito,2025-12-22,nubank-cartao,media,padrao_categoria,,
770,2026-07-25T18:27:07-03:00,2025-12-13,gasto,160.6,A,Outros,Edenbeer,credito,2025-12-22,nubank-cartao,media,padrao_categoria,,
771,2026-07-25T18:27:07-03:00,2025-12-13,gasto,6.35,A,Pix p/ pessoas,Transferência enviada pelo Pix - Agatha Bezerra de Oliveira ,pix,,nubank-conta,media,padrao_categoria,,
772,2026-07-25T18:27:07-03:00,2025-12-14,gasto,61.0,A,Outros,Paradouro,credito,2025-12-22,nubank-cartao,media,padrao_categoria,,
773,2026-07-25T18:27:07-03:00,2025-12-14,gasto,16.41,A,Restaurantes/Lanches,Kukao Sorvetes,credito,2025-12-22,nubank-cartao,media,padrao_categoria,,
774,2026-07-25T18:27:07-03:00,2025-12-14,receita,350.0,B,Outros,ajuda do pai,pix,,nubank-conta,alta,dito,,
775,2026-07-25T18:27:07-03:00,2025-12-15,gasto,13.5,A,Outros,Macedonia,credito,2026-01-22,nubank-cartao,media,padrao_categoria,,
776,2026-07-25T18:27:07-03:00,2025-12-15,gasto,14.99,A,Outros,Churrascar Gabrielly,credito,2026-01-22,nubank-cartao,media,padrao_categoria,,
777,2026-07-25T18:27:07-03:00,2025-12-15,gasto,764.64,A,Pix p/ pessoas,Transferência enviada pelo Pix - Igor Roberto Michalski de S,pix,,nubank-conta,media,padrao_categoria,,
778,2026-07-25T18:27:07-03:00,2025-12-16,gasto,26.9,A,Streaming,Google Youtubepremium,credito,2026-01-22,nubank-cartao,media,padrao_categoria,,
779,2026-07-25T18:27:07-03:00,2025-12-18,gasto,16.99,A,Outros,Shopee *Wegoto,credito,2026-01-22,nubank-cartao,media,padrao_categoria,,
780,2026-07-25T18:27:07-03:00,2025-12-18,gasto,16.9,A,Outros,Fix Pay *Inovap,credito,2026-01-22,nubank-cartao,media,padrao_categoria,,
781,2026-07-25T18:27:07-03:00,2025-12-18,gasto,8.0,A,Outros,Smart,credito,2026-01-22,nubank-cartao,media,padrao_categoria,,
782,2026-07-25T18:27:07-03:00,2025-12-18,gasto,6.9,A,Outros,Foto Central,credito,2026-01-22,nubank-cartao,media,padrao_categoria,,
783,2026-07-25T18:27:07-03:00,2025-12-19,gasto,31.88,B,Mercado/Supermercado,Mercadolivre*Mercadol - Parcela 1/3,credito,2026-01-22,nubank-cartao,media,padrao_categoria,,
784,2026-07-25T18:27:07-03:00,2025-12-19,gasto,23.9,A,Streaming,Dm *Spotify,credito,2026-01-22,nubank-cartao,media,padrao_categoria,,
785,2026-07-25T18:27:07-03:00,2025-12-19,gasto,421.92,A,Pix p/ pessoas,Transferência enviada pelo Pix - 46.964.022 IGOR ROBERTO MIC,pix,,nubank-conta,media,padrao_categoria,,
786,2026-07-25T18:27:07-03:00,2025-12-20,gasto,50.0,A,Outros,Optimum Bar,credito,2026-01-22,nubank-cartao,media,padrao_categoria,,
787,2026-07-25T18:27:07-03:00,2025-12-20,gasto,100.0,A,Pix p/ pessoas,Transferência enviada pelo Pix - RAFAEL TERCAS - •••.633.878,pix,,nubank-conta,media,padrao_categoria,,
788,2026-07-25T18:27:07-03:00,2025-12-21,gasto,599.0,A,Pix p/ pessoas,Transferência enviada pelo Pix - Agatha Bezerra de Oliveira ,pix,,nubank-conta,media,padrao_categoria,,
789,2026-07-25T18:27:07-03:00,2025-12-21,gasto,17.0,A,Pix p/ pessoas,Transferência enviada pelo Pix - 46.964.022 IGOR ROBERTO MIC,pix,,nubank-conta,media,padrao_categoria,,
790,2026-07-25T18:27:07-03:00,2025-12-22,gasto,17.95,A,Pix p/ pessoas,46.964.022 IGOR ROBERTO MICHALSKI DE SOUZA,credito,2026-01-22,nubank-cartao,media,padrao_categoria,,
791,2026-07-25T18:27:07-03:00,2025-12-22,gasto,447.24,A,Pix p/ pessoas,46.964.022 IGOR ROBERTO MICHALSKI DE SOUZA,credito,2026-01-22,nubank-cartao,media,padrao_categoria,,
792,2026-07-25T18:27:07-03:00,2025-12-22,gasto,54.59,A,Pix p/ pessoas,Igor Roberto Michalski de Souza,credito,2026-01-22,nubank-cartao,media,padrao_categoria,,
793,2026-07-25T18:27:07-03:00,2025-12-22,gasto,168.42,A,Pix p/ pessoas,Agatha Bezerra de Oliveira - 1/2,credito,2026-01-22,nubank-cartao,media,padrao_categoria,,
794,2026-07-25T18:27:07-03:00,2025-12-22,gasto,3.64,A,Serviços online/Tech,"IOF de ""Openai *Chatgpt Subscr""",credito,2026-01-22,nubank-cartao,media,padrao_categoria,,
795,2026-07-25T18:27:07-03:00,2025-12-22,gasto,104.21,A,Serviços online/Tech,Openai *Chatgpt Subscr,credito,2026-01-22,nubank-cartao,media,padrao_categoria,,
796,2026-07-25T18:27:07-03:00,2025-12-22,gasto,543.48,A,Pix p/ pessoas,Igor Roberto Michalski de Souza - 1/2,credito,2026-01-22,nubank-cartao,media,padrao_categoria,,
797,2026-07-25T18:27:07-03:00,2025-12-24,gasto,7.5,A,Outros,O Costelao,credito,2026-01-22,nubank-cartao,media,padrao_categoria,,
798,2026-07-25T18:27:07-03:00,2025-12-25,gasto,8.0,A,Restaurantes/Lanches,Lanchonete Pollyanna,credito,2026-01-22,nubank-cartao,media,padrao_categoria,,
799,2026-07-25T18:27:07-03:00,2025-12-25,gasto,55.0,A,Outros,Neiva Maria Valer,credito,2026-01-22,nubank-cartao,media,padrao_categoria,,
800,2026-07-25T18:27:07-03:00,2025-12-27,gasto,97.55,B,Mercado/Supermercado,Machadao Atacadista,credito,2026-01-22,nubank-cartao,media,padrao_categoria,,
801,2026-07-25T18:27:07-03:00,2025-12-28,gasto,39.47,B,Mercado/Supermercado,Supermercado,credito,2026-01-22,nubank-cartao,media,padrao_categoria,,
802,2026-07-25T18:27:07-03:00,2025-12-28,gasto,49.0,A,Outros,Frutos de Goias,credito,2026-01-22,nubank-cartao,media,padrao_categoria,,
803,2026-07-25T18:27:07-03:00,2025-12-29,gasto,62.0,A,Outros,Tradio *Gabriely de A,credito,2026-01-22,nubank-cartao,media,padrao_categoria,,
804,2026-07-25T18:27:07-03:00,2025-12-29,gasto,58.96,A,Restaurantes/Lanches,Primavera Sorvetes,credito,2026-01-22,nubank-cartao,media,padrao_categoria,,
805,2026-07-25T18:27:07-03:00,2025-12-30,gasto,52.08,B,Mercado/Supermercado,Comercial Ramin,credito,2026-01-22,nubank-cartao,media,padrao_categoria,,
806,2026-07-25T18:27:07-03:00,2025-12-30,gasto,41.0,A,Restaurantes/Lanches,Pastelaria do Goiano,credito,2026-01-22,nubank-cartao,media,padrao_categoria,,
807,2026-07-25T18:27:07-03:00,2025-12-30,gasto,46.9,A,Serviços online/Tech,Amazon,credito,2026-01-22,nubank-cartao,media,padrao_categoria,,
808,2026-07-25T18:27:07-03:00,2025-12-30,gasto,50.01,A,Outros,Onepetro,credito,2026-01-22,nubank-cartao,media,padrao_categoria,,
809,2026-07-25T18:27:07-03:00,2025-12-30,gasto,22.7,A,Outros,K R Lopes de Castro Ci,credito,2026-01-22,nubank-cartao,media,padrao_categoria,,
810,2026-07-25T18:27:07-03:00,2025-12-31,gasto,67.51,A,Saúde/Academia,Drogaria Ultra Popular,credito,2026-01-22,nubank-cartao,media,padrao_categoria,,
811,2026-07-25T18:27:07-03:00,2025-12-31,gasto,23.66,A,Saúde/Academia,Drogaria Ultra Popular,credito,2026-01-22,nubank-cartao,media,padrao_categoria,,
812,2026-07-25T18:27:07-03:00,2026-01-03,gasto,100.09,B,Mercado/Supermercado,Comercial Ramin,credito,2026-01-22,nubank-cartao,media,padrao_categoria,,
813,2026-07-25T18:27:07-03:00,2026-01-04,gasto,184.2,A,Outros,D Italia,credito,2026-01-22,nubank-cartao,media,padrao_categoria,,
814,2026-07-25T18:27:07-03:00,2026-01-04,gasto,25.49,A,Outros,Shopee *Vivarosa,credito,2026-01-22,nubank-cartao,media,padrao_categoria,,
815,2026-07-25T18:27:07-03:00,2026-01-04,gasto,76.08,A,Saúde/Academia,Farmacia Economize,credito,2026-01-22,nubank-cartao,media,padrao_categoria,,
816,2026-07-25T18:27:07-03:00,2026-01-05,gasto,19.99,A,Outros,Shopee *Lsecommerce,credito,2026-01-22,nubank-cartao,media,padrao_categoria,,
817,2026-07-25T18:27:07-03:00,2026-01-06,gasto,51.0,A,Outros,Belvedere Comercio de,credito,2026-01-22,nubank-cartao,media,padrao_categoria,,
818,2026-07-25T18:27:07-03:00,2026-01-06,gasto,12.4,A,Pix p/ pessoas,Transferência enviada pelo Pix - 63.408.184 MARCOS DOS SANTO,pix,,nubank-conta,media,padrao_categoria,,
819,2026-07-25T18:27:07-03:00,2026-01-07,gasto,25.2,A,Restaurantes/Lanches,Primavera Sorvetes,credito,2026-01-22,nubank-cartao,media,padrao_categoria,,
820,2026-07-25T18:27:07-03:00,2026-01-07,gasto,148.48,A,Outros,Drogasil,credito,2026-01-22,nubank-cartao,media,padrao_categoria,,
821,2026-07-25T18:27:07-03:00,2026-01-07,gasto,10.0,A,Outros,Lojas Chinesa,credito,2026-01-22,nubank-cartao,media,padrao_categoria,,
822,2026-07-25T18:27:07-03:00,2026-01-08,gasto,6.0,A,Outros,Churrascaria,credito,2026-01-22,nubank-cartao,media,padrao_categoria,,
823,2026-07-25T18:27:07-03:00,2026-01-08,gasto,12.9,A,Outros,O Costelao,credito,2026-01-22,nubank-cartao,media,padrao_categoria,,
824,2026-07-25T18:27:07-03:00,2026-01-08,gasto,35.0,A,Outros,Pty*Churrascaria Grama,credito,2026-01-22,nubank-cartao,media,padrao_categoria,,
825,2026-07-25T18:27:07-03:00,2026-01-08,gasto,50.0,A,Pix p/ pessoas,Transferência enviada pelo Pix - Edimaria Marques Barros - •,pix,,nubank-conta,media,padrao_categoria,,
826,2026-07-25T18:27:07-03:00,2026-01-10,gasto,6.7,A,Outros,Savegnago Loja 23 Mont,credito,2026-01-22,nubank-cartao,media,padrao_categoria,,
827,2026-07-25T18:27:07-03:00,2026-01-10,gasto,62.0,A,Outros,61.815.300 Gabriel Fer,credito,2026-01-22,nubank-cartao,media,padrao_categoria,,
828,2026-07-25T18:27:07-03:00,2026-01-12,gasto,21.0,A,Restaurantes/Lanches,Mais Que Acai Monte Al,credito,2026-01-22,nubank-cartao,media,padrao_categoria,,
829,2026-07-25T18:27:07-03:00,2026-01-12,gasto,38.29,A,Pix p/ pessoas,Transferência enviada pelo Pix - EMPRESA BRASILEIRA DE CORRE,pix,,nubank-conta,media,padrao_categoria,,
830,2026-07-25T18:27:07-03:00,2026-01-13,gasto,46.0,A,Outros,Norral,credito,2026-01-22,nubank-cartao,media,padrao_categoria,,
831,2026-07-25T18:27:07-03:00,2026-01-14,gasto,23.52,A,Restaurantes/Lanches,Mais Que Acai Monte Al,credito,2026-01-22,nubank-cartao,media,padrao_categoria,,
832,2026-07-25T18:27:07-03:00,2026-01-14,gasto,8.95,A,Outros,Drogal Monte Alto Iii,credito,2026-01-22,nubank-cartao,media,padrao_categoria,,
833,2026-07-25T18:27:07-03:00,2026-01-14,gasto,37.5,A,Restaurantes/Lanches,Point das Esfihas,credito,2026-01-22,nubank-cartao,media,padrao_categoria,,
834,2026-07-25T18:27:07-03:00,2026-01-15,gasto,31.87,B,Mercado/Supermercado,Mercadolivre*Mercadol - Parcela 2/3,credito,2026-02-22,nubank-cartao,media,padrao_categoria,,
835,2026-07-25T18:27:07-03:00,2026-01-15,gasto,34.88,A,Outros,Carrefour Aeroporto Xg,credito,2026-02-22,nubank-cartao,media,padrao_categoria,,
836,2026-07-25T18:27:07-03:00,2026-01-15,gasto,543.48,A,Pix p/ pessoas,Igor Roberto Michalski de Souza - 2/2,credito,2026-02-22,nubank-cartao,media,padrao_categoria,,
837,2026-07-25T18:27:07-03:00,2026-01-15,gasto,168.42,A,Pix p/ pessoas,Agatha Bezerra de Oliveira - 2/2,credito,2026-02-22,nubank-cartao,media,padrao_categoria,,
838,2026-07-25T18:27:07-03:00,2026-01-16,gasto,26.9,A,Streaming,Google Youtubepremium,credito,2026-02-22,nubank-cartao,media,padrao_categoria,,
839,2026-07-25T18:27:07-03:00,2026-01-17,gasto,1150.0,A,Pix p/ pessoas,Transferência enviada pelo Pix - Igor Roberto Michalski de S,pix,,nubank-conta,media,padrao_categoria,,
840,2026-07-25T18:27:07-03:00,2026-01-19,gasto,23.9,A,Streaming,Dm *Spotify,credito,2026-02-22,nubank-cartao,media,padrao_categoria,,
841,2026-07-25T18:27:07-03:00,2026-01-23,gasto,3.62,A,Serviços online/Tech,"IOF de ""Openai *Chatgpt Subscr""",credito,2026-02-22,nubank-cartao,media,padrao_categoria,,
842,2026-07-25T18:27:07-03:00,2026-01-23,gasto,103.44,A,Serviços online/Tech,Openai *Chatgpt Subscr,credito,2026-02-22,nubank-cartao,media,padrao_categoria,,
843,2026-07-25T18:27:07-03:00,2026-01-28,gasto,720.15,A,Pix p/ pessoas,Agatha Bezerra de Oliveira,credito,2026-02-22,nubank-cartao,media,padrao_categoria,,
844,2026-07-25T18:27:07-03:00,2026-01-28,gasto,689.32,A,Pix p/ pessoas,Transferência enviada pelo Pix - Agatha Bezerra de Oliveira ,pix,,nubank-conta,media,padrao_categoria,,
845,2026-07-25T18:27:07-03:00,2026-01-31,gasto,373.69,A,Pix p/ pessoas,Igor Roberto Michalski de Souza,credito,2026-02-22,nubank-cartao,media,padrao_categoria,,
846,2026-07-25T18:27:07-03:00,2026-01-31,gasto,350.0,A,Pix p/ pessoas,Transferência enviada pelo Pix - Igor Roberto Michalski de S,pix,,nubank-conta,media,padrao_categoria,,
847,2026-07-25T18:27:07-03:00,2026-02-02,gasto,53.08,A,Outros,Edimaria Marques Barros,credito,2026-02-22,nubank-cartao,media,padrao_categoria,,
848,2026-07-25T18:27:07-03:00,2026-02-02,gasto,50.0,A,Pix p/ pessoas,Transferência enviada pelo Pix - Edimaria Marques Barros - •,pix,,nubank-conta,media,padrao_categoria,,
849,2026-07-25T18:27:07-03:00,2026-02-14,gasto,350.0,A,Pix p/ pessoas,Transferência enviada pelo Pix - Igor Roberto Michalski de S,pix,,nubank-conta,media,padrao_categoria,,
850,2026-07-25T18:27:07-03:00,2026-02-15,gasto,31.87,B,Mercado/Supermercado,Mercadolivre*Mercadol - Parcela 3/3,credito,2026-03-22,nubank-cartao,media,padrao_categoria,,
851,2026-07-25T18:27:07-03:00,2026-02-16,gasto,26.9,A,Streaming,Google Youtubepremium,credito,2026-03-22,nubank-cartao,media,padrao_categoria,,
852,2026-07-25T18:27:07-03:00,2026-02-19,gasto,23.9,A,Streaming,Dm*Spotify,credito,2026-03-22,nubank-cartao,media,padrao_categoria,,
853,2026-07-25T18:27:07-03:00,2026-02-20,gasto,350.0,A,Pix p/ pessoas,Transferência enviada pelo Pix - Igor Roberto Michalski de S,pix,,nubank-conta,media,padrao_categoria,,
854,2026-07-25T18:27:07-03:00,2026-02-24,gasto,3.6,A,Serviços online/Tech,"IOF de ""Openai *Chatgpt Subscr""",credito,2026-03-22,nubank-cartao,media,padrao_categoria,,
855,2026-07-25T18:27:07-03:00,2026-02-24,gasto,103.05,A,Serviços online/Tech,Openai *Chatgpt Subscr,credito,2026-03-22,nubank-cartao,media,padrao_categoria,,
856,2026-07-25T18:27:07-03:00,2026-02-26,gasto,378.49,A,Pix p/ pessoas,Igor Roberto Michalski de Souza,credito,2026-03-22,nubank-cartao,media,padrao_categoria,,
857,2026-07-25T18:27:07-03:00,2026-02-26,gasto,350.0,A,Pix p/ pessoas,Transferência enviada pelo Pix - Igor Roberto Michalski de S,pix,,nubank-conta,media,padrao_categoria,,
858,2026-07-25T18:27:07-03:00,2026-03-02,gasto,961.25,A,Pix p/ pessoas,Agatha Bezerra de Oliveira,credito,2026-03-22,nubank-cartao,media,padrao_categoria,,
859,2026-07-25T18:27:07-03:00,2026-03-02,gasto,900.0,A,Pix p/ pessoas,Transferência enviada pelo Pix - Agatha Bezerra de Oliveira ,pix,,nubank-conta,media,padrao_categoria,,
860,2026-07-25T18:27:07-03:00,2026-03-08,gasto,10.0,A,iFood,Ifd*Canaa Marmitaria,credito,2026-03-22,nubank-cartao,media,padrao_categoria,,
861,2026-07-25T18:27:07-03:00,2026-03-09,gasto,25.88,A,iFood,Ifd*Monte Alegre Comer,credito,2026-03-22,nubank-cartao,media,padrao_categoria,,
862,2026-07-25T18:27:07-03:00,2026-03-11,gasto,166.8,A,Serviços online/Tech,Amazonprimebr,credito,2026-03-22,nubank-cartao,media,padrao_categoria,,
863,2026-07-25T18:27:07-03:00,2026-03-15,gasto,40.98,A,Pix p/ pessoas,Transferência enviada pelo Pix - Agatha Bezerra de Oliveira ,pix,,nubank-conta,media,padrao_categoria,,
864,2026-07-25T18:27:07-03:00,2026-03-16,gasto,26.9,A,Streaming,Google Youtubepremium,credito,2026-04-22,nubank-cartao,media,padrao_categoria,,
865,2026-07-25T18:27:07-03:00,2026-03-16,gasto,29.21,A,Pix p/ pessoas,Transferência enviada pelo Pix - Agatha Bezerra de Oliveira ,pix,,nubank-conta,media,padrao_categoria,,
866,2026-07-25T18:27:07-03:00,2026-03-19,gasto,23.9,A,Streaming,Dm*Spotify,credito,2026-04-22,nubank-cartao,media,padrao_categoria,,
867,2026-07-25T18:27:07-03:00,2026-03-26,gasto,3.99,A,Serviços online/Tech,"IOF de ""Claude.Ai Subscription""",credito,2026-04-22,nubank-cartao,media,padrao_categoria,,
868,2026-07-25T18:27:07-03:00,2026-03-26,gasto,114.13,A,Serviços online/Tech,Claude.Ai Subscription,credito,2026-04-22,nubank-cartao,media,padrao_categoria,,
869,2026-07-25T18:27:07-03:00,2026-04-05,gasto,34.76,A,Outros,Shopee *Shpstecnologia,credito,2026-04-22,nubank-cartao,media,padrao_categoria,,
870,2026-07-25T18:27:07-03:00,2026-04-08,gasto,98.55,A,Pix p/ pessoas,Transferência enviada pelo Pix - Igor Roberto Michalski de S,pix,,nubank-conta,media,padrao_categoria,,
871,2026-07-25T18:27:07-03:00,2026-04-13,gasto,81.97,A,Outros,Mp *Hellencristie,credito,2026-04-22,nubank-cartao,media,padrao_categoria,,
872,2026-07-25T18:27:07-03:00,2026-04-14,gasto,27.99,A,iFood,Ifd*Alipio Pio Goncalv,credito,2026-04-22,nubank-cartao,media,padrao_categoria,,
873,2026-07-25T18:27:07-03:00,2026-04-14,gasto,110.0,A,Saúde/Academia,Iron Gym,credito,2026-04-22,nubank-cartao,media,padrao_categoria,,
874,2026-07-25T18:27:07-03:00,2026-04-14,gasto,242.47,B,Mercado/Supermercado,Leve Max,credito,2026-04-22,nubank-cartao,media,padrao_categoria,,
875,2026-07-25T18:27:07-03:00,2026-04-14,receita,350.0,B,Outros,ajuda do pai,pix,,nubank-conta,alta,dito,,
876,2026-07-25T18:27:07-03:00,2026-04-14,gasto,100.0,B,Combustível,Compra no débito - AUTO POSTO GUAICURUS,debito,,nubank-conta,media,padrao_categoria,,
877,2026-07-25T18:27:07-03:00,2026-04-15,gasto,9.0,A,Outros,Salgados Guinarte,credito,2026-05-22,nubank-cartao,media,padrao_categoria,,
878,2026-07-25T18:27:07-03:00,2026-04-16,gasto,26.9,A,Streaming,Google Youtubepremium,credito,2026-05-22,nubank-cartao,media,padrao_categoria,,
879,2026-07-25T18:27:07-03:00,2026-04-16,gasto,23.47,A,Outros,Abeve Albino Torraca,credito,2026-05-22,nubank-cartao,media,padrao_categoria,,
880,2026-07-25T18:27:07-03:00,2026-04-17,gasto,42.3,B,Mercado/Supermercado,Melo e Cuenca e Filhos,credito,2026-05-22,nubank-cartao,media,padrao_categoria,,
881,2026-07-25T18:27:07-03:00,2026-04-18,gasto,35.0,A,Restaurantes/Lanches,Mycaohotdog,credito,2026-05-22,nubank-cartao,media,padrao_categoria,,
882,2026-07-25T18:27:07-03:00,2026-04-18,gasto,27.6,A,Restaurantes/Lanches,Padoca do Rei,credito,2026-05-22,nubank-cartao,media,padrao_categoria,,
883,2026-07-25T18:27:07-03:00,2026-04-18,gasto,100.0,A,Pix p/ pessoas,Transferência enviada pelo Pix - Agatha Bezerra de Oliveira ,pix,,nubank-conta,media,padrao_categoria,,
884,2026-07-25T18:27:07-03:00,2026-04-19,gasto,69.34,A,Outros,Sympla*Seo Lazer Gastr,credito,2026-05-22,nubank-cartao,media,padrao_categoria,,
885,2026-07-25T18:27:07-03:00,2026-04-19,gasto,23.9,A,Streaming,Dm*Spotify,credito,2026-05-22,nubank-cartao,media,padrao_categoria,,
886,2026-07-25T18:27:07-03:00,2026-04-19,gasto,54.91,B,Mercado/Supermercado,Melo e Cuenca e Filhos,credito,2026-05-22,nubank-cartao,media,padrao_categoria,,
887,2026-07-25T18:27:07-03:00,2026-04-20,gasto,30.0,A,Outros,Dom Beer,credito,2026-05-22,nubank-cartao,media,padrao_categoria,,
888,2026-07-25T18:27:07-03:00,2026-04-20,gasto,30.0,A,Outros,Lucas Pereira Dambroso,credito,2026-05-22,nubank-cartao,media,padrao_categoria,,
889,2026-07-25T18:27:07-03:00,2026-04-20,gasto,13.0,A,Outros,Caseirinhos da Jaque,credito,2026-05-22,nubank-cartao,media,padrao_categoria,,
890,2026-07-25T18:27:07-03:00,2026-04-20,gasto,10.0,A,Restaurantes/Lanches,Churraskin Food Bike,credito,2026-05-22,nubank-cartao,media,padrao_categoria,,
891,2026-07-25T18:27:07-03:00,2026-04-20,receita,350.0,B,Outros,ajuda do pai,pix,,nubank-conta,alta,dito,,
892,2026-07-25T18:27:07-03:00,2026-04-20,gasto,41.0,A,Pix p/ pessoas,Transferência enviada pelo Pix - Agatha Bezerra de Oliveira ,pix,,nubank-conta,media,padrao_categoria,,
893,2026-07-25T18:27:07-03:00,2026-04-21,gasto,26.76,A,Restaurantes/Lanches,The Best,credito,2026-05-22,nubank-cartao,media,padrao_categoria,,
894,2026-07-25T18:27:07-03:00,2026-04-22,gasto,158.58,A,Outros,Shopee *Geekaura,credito,2026-05-22,nubank-cartao,media,padrao_categoria,,
895,2026-07-25T18:27:07-03:00,2026-04-23,gasto,100.0,B,Combustível,Compra no débito - AUTO POSTO GUAICURUS,debito,,nubank-conta,media,padrao_categoria,,
896,2026-07-25T18:27:07-03:00,2026-04-24,gasto,1041.09,A,Viagem/Passagens,Gol Linhas A*Meylbl017 - Parcela 1/4,credito,2026-05-22,nubank-cartao,media,padrao_categoria,,
897,2026-07-25T18:27:07-03:00,2026-04-24,gasto,146.0,B,Mercado/Supermercado,Leve Max,credito,2026-05-22,nubank-cartao,media,padrao_categoria,,
898,2026-07-25T18:27:07-03:00,2026-04-25,gasto,22.01,A,Restaurantes/Lanches,The Best,credito,2026-05-22,nubank-cartao,media,padrao_categoria,,
899,2026-07-25T18:27:07-03:00,2026-04-26,gasto,71.36,A,Pix p/ pessoas,Transferência enviada pelo Pix - Igor Roberto Michalski de S,pix,,nubank-conta,media,padrao_categoria,,
900,2026-07-25T18:27:07-03:00,2026-04-26,gasto,35.9,A,Pix p/ pessoas,Transferência enviada pelo Pix - Agatha Bezerra de Oliveira ,pix,,nubank-conta,media,padrao_categoria,,
901,2026-07-25T18:27:07-03:00,2026-04-27,gasto,16.0,A,Restaurantes/Lanches,Kukao Sorvetes,credito,2026-05-22,nubank-cartao,media,padrao_categoria,,
902,2026-07-25T18:27:07-03:00,2026-04-27,receita,350.0,B,Outros,ajuda do pai,pix,,nubank-conta,alta,dito,,
903,2026-07-25T18:27:07-03:00,2026-04-28,gasto,113.97,A,Serviços online/Tech,Claude.Ai Subscription,credito,2026-05-22,nubank-cartao,media,padrao_categoria,,
904,2026-07-25T18:27:07-03:00,2026-04-28,gasto,3.98,A,Serviços online/Tech,"IOF de ""Claude.Ai Subscription""",credito,2026-05-22,nubank-cartao,media,padrao_categoria,,
905,2026-07-25T18:27:07-03:00,2026-04-30,gasto,70.0,A,Educação/Cursos,Pagamento de boleto efetuado - ARRECADACAO CONCURSO PUBLICO,debito,,nubank-conta,media,padrao_categoria,,
906,2026-07-25T18:27:07-03:00,2026-04-30,gasto,18.0,A,Outros,Compra no débito - COPAO CONVENIENCIA,debito,,nubank-conta,media,padrao_categoria,,
907,2026-07-25T18:27:07-03:00,2026-05-01,gasto,18.5,A,Outros,Drd Dourados Drive,credito,2026-05-22,nubank-cartao,media,padrao_categoria,,
908,2026-07-25T18:27:07-03:00,2026-05-01,gasto,26.0,A,Outros,Dom Beer,credito,2026-05-22,nubank-cartao,media,padrao_categoria,,
909,2026-07-25T18:27:07-03:00,2026-05-01,gasto,11.5,A,Pix p/ pessoas,Transferência enviada pelo Pix - Kauan Henrick Teixeira da S,pix,,nubank-conta,media,padrao_categoria,,
910,2026-07-25T18:27:07-03:00,2026-05-02,gasto,22.14,A,Restaurantes/Lanches,The Best,credito,2026-05-22,nubank-cartao,media,padrao_categoria,,
911,2026-07-25T18:27:07-03:00,2026-05-02,gasto,68.5,A,Restaurantes/Lanches,Vinis Pizzaria,credito,2026-05-22,nubank-cartao,media,padrao_categoria,,
912,2026-07-25T18:27:07-03:00,2026-05-02,gasto,44.81,A,iFood,Ifd*Mar e Sabor Restau,credito,2026-05-22,nubank-cartao,media,padrao_categoria,,
913,2026-07-25T18:27:07-03:00,2026-05-02,gasto,147.47,A,Pix p/ pessoas,Transferência enviada pelo Pix - Agatha Bezerra de Oliveira ,pix,,nubank-conta,media,padrao_categoria,,
914,2026-07-25T18:27:07-03:00,2026-05-04,gasto,38.75,A,Restaurantes/Lanches,The Best,credito,2026-05-22,nubank-cartao,media,padrao_categoria,,
915,2026-07-25T18:27:07-03:00,2026-05-05,gasto,69.65,A,Viagem/Passagens,Airbnb * Hm2s555tzy - Parcela 1/2,credito,2026-05-22,nubank-cartao,media,padrao_categoria,,
916,2026-07-25T18:27:07-03:00,2026-05-05,gasto,100.0,B,Combustível,Compra no débito - POSTO BENJAMIM OSHIRO,debito,,nubank-conta,media,padrao_categoria,,
917,2026-07-25T18:27:07-03:00,2026-05-06,gasto,11.99,A,Outros,Americanas,credito,2026-05-22,nubank-cartao,media,padrao_categoria,,
918,2026-07-25T18:27:07-03:00,2026-05-07,gasto,145.35,B,Mercado/Supermercado,Leve Max,credito,2026-05-22,nubank-cartao,media,padrao_categoria,,
919,2026-07-25T18:27:07-03:00,2026-05-07,receita,350.0,B,Outros,ajuda do pai,pix,,nubank-conta,alta,dito,,
920,2026-07-25T18:27:07-03:00,2026-05-08,gasto,8.49,A,Outros,Abeve Albino Torraca,credito,2026-05-22,nubank-cartao,media,padrao_categoria,,
921,2026-07-25T18:27:07-03:00,2026-05-08,gasto,43.97,A,Outros,Lojas G,credito,2026-05-22,nubank-cartao,media,padrao_categoria,,
922,2026-07-25T18:27:07-03:00,2026-05-08,gasto,405.0,A,Pix p/ pessoas,Transferência enviada pelo Pix - Igor Roberto Michalski de S,pix,,nubank-conta,media,padrao_categoria,,
923,2026-07-25T18:27:07-03:00,2026-05-09,gasto,20.0,A,Outros,Jim.Com* Psy Informat,credito,2026-05-22,nubank-cartao,media,padrao_categoria,,
924,2026-07-25T18:27:07-03:00,2026-05-10,gasto,30.24,A,iFood,Ifd*Bento Lanches,credito,2026-05-22,nubank-cartao,media,padrao_categoria,,
925,2026-07-25T18:27:07-03:00,2026-05-11,gasto,430.0,A,Pix p/ pessoas,Transferência enviada pelo Pix - 64.775.809 DULCIRENE RODRIG,pix,,nubank-conta,media,padrao_categoria,,
926,2026-07-25T18:27:07-03:00,2026-05-11,gasto,19.87,A,Streaming,Transferência enviada pelo Pix - GGMAX - 46.018.667/0001-12 ,pix,,nubank-conta,media,padrao_categoria,,
927,2026-07-25T18:27:07-03:00,2026-05-12,receita,350.0,B,Outros,ajuda do pai,pix,,nubank-conta,alta,dito,,
928,2026-07-25T18:27:07-03:00,2026-05-12,gasto,145.0,A,Outros,Compra no débito - StreetCar,debito,,nubank-conta,media,padrao_categoria,,
929,2026-07-25T18:27:07-03:00,2026-05-13,gasto,6.99,A,Pix p/ pessoas,Transferência enviada pelo Pix - AIBR INSTITUICAO DE PAGAMEN,pix,,nubank-conta,media,padrao_categoria,,
930,2026-07-25T18:27:07-03:00,2026-05-13,gasto,104.39,A,Pix p/ pessoas,Transferência enviada pelo Pix - AIBR INSTITUICAO DE PAGAMEN,pix,,nubank-conta,media,padrao_categoria,,
931,2026-07-25T18:27:07-03:00,2026-05-14,gasto,5.95,A,iFood Club,Ifd*Ifood Club,credito,2026-05-22,nubank-cartao,media,padrao_categoria,,
932,2026-07-25T18:27:07-03:00,2026-05-14,gasto,176.35,B,Mercado/Supermercado,Leve Max,credito,2026-05-22,nubank-cartao,media,padrao_categoria,,
933,2026-07-25T18:27:07-03:00,2026-05-14,gasto,3.8,A,Outros,D O U R A L U Z,credito,2026-05-22,nubank-cartao,media,padrao_categoria,,
934,2026-07-25T18:27:07-03:00,2026-05-14,gasto,39.0,A,Restaurantes/Lanches,Pao Dourado,credito,2026-05-22,nubank-cartao,media,padrao_categoria,,
935,2026-07-25T18:27:07-03:00,2026-05-14,gasto,19.0,A,Outros,Secretti Almeida Servi,credito,2026-05-22,nubank-cartao,media,padrao_categoria,,
936,2026-07-25T18:27:07-03:00,2026-05-14,gasto,83.66,A,Outros,Baraomarmitaria,credito,2026-05-22,nubank-cartao,media,padrao_categoria,,
937,2026-07-25T18:27:07-03:00,2026-05-14,gasto,22.22,B,Mercado/Supermercado,Melo e Cuenca e Filhos,credito,2026-05-22,nubank-cartao,media,padrao_categoria,,
938,2026-07-25T18:27:07-03:00,2026-05-15,gasto,69.64,A,Viagem/Passagens,Airbnb * Hm2s555tzy - Parcela 2/2,credito,2026-06-22,nubank-cartao,media,padrao_categoria,,
939,2026-07-25T18:27:07-03:00,2026-05-15,gasto,100.0,B,Combustível,Posto Benjamim Oshiro,credito,2026-06-22,nubank-cartao,media,padrao_categoria,,
940,2026-07-25T18:27:07-03:00,2026-05-15,gasto,575.97,A,Viagem/Passagens,Gol Linhas A*Meylbl017 - Parcela 2/4,credito,2026-06-22,nubank-cartao,media,padrao_categoria,,
941,2026-07-25T18:27:07-03:00,2026-05-15,gasto,34.0,A,Restaurantes/Lanches,Compra no débito - KUKAO SORVETES,debito,,nubank-conta,media,padrao_categoria,,
942,2026-07-25T18:27:07-03:00,2026-05-16,gasto,64.0,B,Mercado/Supermercado,Leve Max,credito,2026-06-22,nubank-cartao,media,padrao_categoria,,
943,2026-07-25T18:27:07-03:00,2026-05-16,gasto,26.9,A,Streaming,Google Youtubepremium,credito,2026-06-22,nubank-cartao,media,padrao_categoria,,
944,2026-07-25T18:27:07-03:00,2026-05-17,gasto,66.59,A,Outros,Drogasil,credito,2026-06-22,nubank-cartao,media,padrao_categoria,,
945,2026-07-25T18:27:07-03:00,2026-05-17,gasto,90.0,A,Outros,Asaas *Amorsaude,credito,2026-06-22,nubank-cartao,media,padrao_categoria,,
946,2026-07-25T18:27:07-03:00,2026-05-17,gasto,60.0,A,Pix p/ pessoas,Transferência enviada pelo Pix - Igor Roberto Michalski de S,pix,,nubank-conta,media,padrao_categoria,,
947,2026-07-25T18:27:07-03:00,2026-05-18,receita,350.0,B,Outros,ajuda do pai,pix,,nubank-conta,alta,dito,,
948,2026-07-25T18:27:07-03:00,2026-05-19,gasto,110.0,A,Saúde/Academia,Iron Gym,credito,2026-06-22,nubank-cartao,media,padrao_categoria,,
949,2026-07-25T18:27:07-03:00,2026-05-19,gasto,23.9,A,Streaming,Dm*Spotify,credito,2026-06-22,nubank-cartao,media,padrao_categoria,,
950,2026-07-25T18:27:07-03:00,2026-05-19,gasto,70.58,A,iFood,Ifd*Bento Lanches,credito,2026-06-22,nubank-cartao,media,padrao_categoria,,
951,2026-07-25T18:27:07-03:00,2026-05-19,gasto,350.0,A,Pix p/ pessoas,Transferência enviada pelo Pix - Igor Roberto Michalski de S,pix,,nubank-conta,media,padrao_categoria,,
952,2026-07-25T18:27:07-03:00,2026-05-20,gasto,52.49,A,Outros,Linkedin,credito,2026-06-22,nubank-cartao,media,padrao_categoria,,
953,2026-07-25T18:27:07-03:00,2026-05-20,gasto,55.98,A,Outros,Mp *Leonardocarlo,credito,2026-06-22,nubank-cartao,media,padrao_categoria,,
954,2026-07-25T18:27:07-03:00,2026-05-20,gasto,269.69,B,Mercado/Supermercado,Leve Max,credito,2026-06-22,nubank-cartao,media,padrao_categoria,,
955,2026-07-25T18:27:07-03:00,2026-05-22,gasto,3.64,A,Outros,"IOF de ""Upwork -921054601membe""",credito,2026-06-22,nubank-cartao,media,padrao_categoria,,
956,2026-07-25T18:27:07-03:00,2026-05-22,gasto,104.11,A,Outros,Upwork -921054601membe,credito,2026-06-22,nubank-cartao,media,padrao_categoria,,
957,2026-07-25T18:27:07-03:00,2026-05-22,gasto,73.27,B,Mercado/Supermercado,Leve Max,credito,2026-06-22,nubank-cartao,media,padrao_categoria,,
958,2026-07-25T18:27:07-03:00,2026-05-22,gasto,46.09,A,iFood,Ifd*36.919.945 Celso D,credito,2026-06-22,nubank-cartao,media,padrao_categoria,,
959,2026-07-25T18:27:07-03:00,2026-05-23,gasto,19.98,B,Mercado/Supermercado,Leve Max,credito,2026-06-22,nubank-cartao,media,padrao_categoria,,
960,2026-07-25T18:27:07-03:00,2026-05-24,gasto,41.26,A,Outros,Casa Hortifruti,credito,2026-06-22,nubank-cartao,media,padrao_categoria,,
961,2026-07-25T18:27:07-03:00,2026-05-24,gasto,125.0,A,Restaurantes/Lanches,Capricciosa Pizza,credito,2026-06-22,nubank-cartao,media,padrao_categoria,,
962,2026-07-25T18:27:07-03:00,2026-05-24,gasto,14.0,A,Restaurantes/Lanches,Kukao Sorvetes,credito,2026-06-22,nubank-cartao,media,padrao_categoria,,
963,2026-07-25T18:27:07-03:00,2026-05-25,gasto,204.1,A,Pix p/ pessoas,Transferência enviada pelo Pix - SHPP BRASIL INSTITUICAO DE ,pix,,nubank-conta,media,padrao_categoria,,
964,2026-07-25T18:27:07-03:00,2026-05-25,receita,350.0,B,Outros,ajuda do pai,pix,,nubank-conta,alta,dito,,
965,2026-07-25T18:27:07-03:00,2026-05-25,gasto,132.91,A,Pix p/ pessoas,Transferência enviada pelo Pix - Igor Roberto Michalski de S,pix,,nubank-conta,media,padrao_categoria,,
966,2026-07-25T18:27:07-03:00,2026-05-25,gasto,81.67,A,Pix p/ pessoas,Transferência enviada pelo Pix - Agatha Bezerra de Oliveira ,pix,,nubank-conta,media,padrao_categoria,,
967,2026-07-25T18:27:07-03:00,2026-05-26,gasto,39.8,A,Serviços online/Tech,Amazon,credito,2026-06-22,nubank-cartao,media,padrao_categoria,,
968,2026-07-25T18:27:07-03:00,2026-05-28,gasto,114.67,A,Serviços online/Tech,Claude.Ai Subscription,credito,2026-06-22,nubank-cartao,media,padrao_categoria,,
969,2026-07-25T18:27:07-03:00,2026-05-28,gasto,4.01,A,Serviços online/Tech,"IOF de ""Claude.Ai Subscription""",credito,2026-06-22,nubank-cartao,media,padrao_categoria,,
970,2026-07-25T18:27:07-03:00,2026-05-28,gasto,100.0,B,Combustível,Compra no débito - AUTO POSTO GUAICURUS,debito,,nubank-conta,media,padrao_categoria,,
971,2026-07-25T18:27:07-03:00,2026-05-29,gasto,48.0,A,Outros,62660784pedro,credito,2026-06-22,nubank-cartao,media,padrao_categoria,,
972,2026-07-25T18:27:07-03:00,2026-05-29,gasto,28.05,A,Outros,Gela Boca,credito,2026-06-22,nubank-cartao,media,padrao_categoria,,
973,2026-07-25T18:27:07-03:00,2026-05-30,gasto,159.8,B,Mercado/Supermercado,Leve Max,credito,2026-06-22,nubank-cartao,media,padrao_categoria,,
974,2026-07-25T18:27:07-03:00,2026-05-31,gasto,25.0,A,Pix p/ pessoas,Transferência enviada pelo Pix - Agatha Bezerra de Oliveira ,pix,,nubank-conta,media,padrao_categoria,,
975,2026-07-25T18:27:07-03:00,2026-05-31,gasto,0.81,A,Pix p/ pessoas,Transferência enviada pelo Pix - Agatha Bezerra de Oliveira ,pix,,nubank-conta,media,padrao_categoria,,
976,2026-07-25T18:27:07-03:00,2026-06-01,gasto,21.96,A,Outros,Cacau Show,credito,2026-06-22,nubank-cartao,media,padrao_categoria,,
977,2026-07-25T18:27:07-03:00,2026-06-02,gasto,32.98,A,Outros,Danielevillanovad,credito,2026-06-22,nubank-cartao,media,padrao_categoria,,
978,2026-07-25T18:27:07-03:00,2026-06-02,gasto,11.49,B,Mercado/Supermercado,Leve Max,credito,2026-06-22,nubank-cartao,media,padrao_categoria,,
979,2026-07-25T18:27:07-03:00,2026-06-02,receita,350.0,B,Outros,ajuda do pai,pix,,nubank-conta,alta,dito,,
980,2026-07-25T18:27:07-03:00,2026-06-04,gasto,62.3,A,iFood,Ifd*Vinis Pizzaria,credito,2026-06-22,nubank-cartao,media,padrao_categoria,,
981,2026-07-25T18:27:07-03:00,2026-06-04,gasto,55.54,B,Mercado/Supermercado,Leve Max,credito,2026-06-22,nubank-cartao,media,padrao_categoria,,
982,2026-07-25T18:27:07-03:00,2026-06-05,gasto,88.55,A,Outros,Mcdonaldsecommerce,credito,2026-06-22,nubank-cartao,media,padrao_categoria,,
983,2026-07-25T18:27:07-03:00,2026-06-05,gasto,45.0,A,Pix p/ pessoas,Transferência enviada pelo Pix - 55.267.963 LARISSA CABRERA ,pix,,nubank-conta,media,padrao_categoria,,
984,2026-07-25T18:27:07-03:00,2026-06-06,gasto,62.88,A,Serviços online/Tech,Amazon Marketplace,credito,2026-06-22,nubank-cartao,media,padrao_categoria,,
985,2026-07-25T18:27:07-03:00,2026-06-06,gasto,29.0,A,Pix p/ pessoas,Transferência enviada pelo Pix - Kauan Henrick Teixeira da S,pix,,nubank-conta,media,padrao_categoria,,
986,2026-07-25T18:27:07-03:00,2026-06-07,gasto,20.0,A,Pix p/ pessoas,Transferência enviada pelo Pix - Kauan Henrick Teixeira da S,pix,,nubank-conta,media,padrao_categoria,,
987,2026-07-25T18:27:07-03:00,2026-06-08,gasto,24.0,A,Outros,Churrasco Grego,credito,2026-06-22,nubank-cartao,media,padrao_categoria,,
988,2026-07-25T18:27:07-03:00,2026-06-08,gasto,22.0,A,Outros,Mp *Escondidinhoe,credito,2026-06-22,nubank-cartao,media,padrao_categoria,,
989,2026-07-25T18:27:07-03:00,2026-06-09,gasto,575.97,A,Viagem/Passagens,Gol Linhas A*Meylbl017 - Parcela 3/4,credito,2026-06-22,nubank-cartao,media,padrao_categoria,,
990,2026-07-25T18:27:07-03:00,2026-06-09,gasto,575.97,A,Viagem/Passagens,Gol Linhas A*Meylbl017 - Parcela 4/4,credito,2026-06-22,nubank-cartao,media,padrao_categoria,,
991,2026-07-25T18:27:07-03:00,2026-06-09,gasto,4.89,B,Mercado/Supermercado,Leve Max,credito,2026-06-22,nubank-cartao,media,padrao_categoria,,
992,2026-07-25T18:27:07-03:00,2026-06-09,gasto,41.77,A,Outros,Abeve Albino Torraca,credito,2026-06-22,nubank-cartao,media,padrao_categoria,,
993,2026-07-25T18:27:07-03:00,2026-06-09,gasto,77.0,A,Restaurantes/Lanches,Vinis Pizzaria,credito,2026-06-22,nubank-cartao,media,padrao_categoria,,
994,2026-07-25T18:27:07-03:00,2026-06-09,receita,350.0,B,Outros,ajuda do pai,pix,,nubank-conta,alta,dito,,
995,2026-07-25T18:27:07-03:00,2026-06-09,gasto,144.17,A,Pix p/ pessoas,Transferência enviada pelo Pix - Agatha Bezerra de Oliveira ,pix,,nubank-conta,media,padrao_categoria,,
996,2026-07-25T18:27:07-03:00,2026-06-09,gasto,200.0,A,Pix p/ pessoas,Transferência enviada pelo Pix - VICTOR RECH VENDRUSCOLO - •,pix,,nubank-conta,media,padrao_categoria,,
997,2026-07-25T18:27:07-03:00,2026-06-11,gasto,2.5,A,Outros,Mistura do Sabor Resta,credito,2026-06-22,nubank-cartao,media,padrao_categoria,,
1000,2026-07-25T18:27:07-03:00,2026-06-14,gasto,11.94,B,Mercado/Supermercado,Leve Max,credito,2026-06-22,nubank-cartao,media,padrao_categoria,,
1001,2026-07-25T18:27:07-03:00,2026-06-14,gasto,38.24,A,iFood,Ifd*Bento Lanches,credito,2026-06-22,nubank-cartao,media,padrao_categoria,,
998,2026-07-25T18:27:07-03:00,2026-06-14,gasto,5.95,A,iFood Club,Ifd*Ifood Club,credito,2026-06-22,nubank-cartao,media,padrao_categoria,,
999,2026-07-25T18:27:07-03:00,2026-06-14,gasto,21.6,A,Outros,Rolparferramentas,credito,2026-06-22,nubank-cartao,media,padrao_categoria,,
1002,2026-07-25T18:27:07-03:00,2026-06-15,gasto,2000.0,A,Pix p/ pessoas,Transferência enviada pelo Pix - Agatha Bezerra de Oliveira ,pix,,nubank-conta,media,padrao_categoria,,
1003,2026-07-25T18:27:07-03:00,2026-06-16,gasto,26.9,A,Streaming,Google Youtubepremium,credito,2026-07-22,nubank-cartao,media,padrao_categoria,,
1004,2026-07-25T18:27:07-03:00,2026-06-16,gasto,27.28,A,Restaurantes/Lanches,The Best Acai Dourados,credito,2026-07-22,nubank-cartao,media,padrao_categoria,,
1005,2026-07-25T18:27:07-03:00,2026-06-16,receita,350.0,B,Outros,ajuda do pai,pix,,nubank-conta,alta,dito,,
1006,2026-07-25T18:27:07-03:00,2026-06-17,gasto,134.0,B,Marmita (Fitfood),Fit Food,credito,2026-07-22,nubank-cartao,media,padrao_categoria,,
1007,2026-07-25T18:27:07-03:00,2026-06-18,gasto,110.0,A,Saúde/Academia,Iron Gym,credito,2026-07-22,nubank-cartao,media,padrao_categoria,,
1008,2026-07-25T18:27:07-03:00,2026-06-18,gasto,28.96,A,Outros,Cacau Show,credito,2026-07-22,nubank-cartao,media,padrao_categoria,,
1009,2026-07-25T18:27:07-03:00,2026-06-18,gasto,78.16,B,Mercado/Supermercado,Leve Max,credito,2026-07-22,nubank-cartao,media,padrao_categoria,,
1010,2026-07-25T18:27:07-03:00,2026-06-19,gasto,23.9,A,Streaming,Dm*Spotify,credito,2026-07-22,nubank-cartao,media,padrao_categoria,,
1011,2026-07-25T18:27:07-03:00,2026-06-20,gasto,30.0,A,Outros,Dom Beer,credito,2026-07-22,nubank-cartao,media,padrao_categoria,,
1012,2026-07-25T18:27:07-03:00,2026-06-21,gasto,65.0,A,Restaurantes/Lanches,Restaurante Spetos,credito,2026-07-22,nubank-cartao,media,padrao_categoria,,
1013,2026-07-25T18:27:07-03:00,2026-06-22,gasto,61.12,A,iFood,Ifd*Alipio Pio Goncalv,credito,2026-07-22,nubank-cartao,media,padrao_categoria,,
1014,2026-07-25T18:27:07-03:00,2026-06-23,gasto,134.6,B,Marmita (Fitfood),Fitfooddourados,credito,2026-07-22,nubank-cartao,media,padrao_categoria,,
1015,2026-07-25T18:27:07-03:00,2026-06-23,receita,350.0,B,Outros,ajuda do pai,pix,,nubank-conta,alta,dito,,
1016,2026-07-25T18:27:07-03:00,2026-06-23,gasto,306.48,A,Pix p/ pessoas,Transferência enviada pelo Pix - Agatha Bezerra de Oliveira ,pix,,nubank-conta,media,padrao_categoria,,
1017,2026-07-25T18:27:07-03:00,2026-06-24,gasto,10.77,A,Pix p/ pessoas,Transferência enviada pelo Pix - LAURA VITHORIA SILVA DE SOU,pix,,nubank-conta,media,padrao_categoria,,
1018,2026-07-25T18:27:07-03:00,2026-06-26,gasto,75.0,B,Mercado/Supermercado,Leve Max,credito,2026-07-22,nubank-cartao,media,padrao_categoria,,
1019,2026-07-25T18:27:07-03:00,2026-06-27,gasto,29.49,A,iFood,Ifd*Alipio Pio Goncalv,credito,2026-07-22,nubank-cartao,media,padrao_categoria,,
1020,2026-07-25T18:27:07-03:00,2026-06-27,gasto,26.89,A,Pix p/ pessoas,Transferência enviada pelo Pix - RD SAUDE - 61.585.865/0001-,pix,,nubank-conta,media,padrao_categoria,,
1021,2026-07-25T18:27:07-03:00,2026-06-28,gasto,4.0,A,Outros,IOF de compra internacional,credito,2026-07-22,nubank-cartao,media,padrao_categoria,,
1022,2026-07-25T18:27:07-03:00,2026-06-28,gasto,114.35,A,Serviços online/Tech,Anthropic* Claude Sub,credito,2026-07-22,nubank-cartao,media,padrao_categoria,,
1023,2026-07-25T18:27:07-03:00,2026-06-28,gasto,24.25,A,Restaurantes/Lanches,The Best Acai Dourados,credito,2026-07-22,nubank-cartao,media,padrao_categoria,,
1024,2026-07-25T18:27:07-03:00,2026-06-28,gasto,184.6,B,Marmita (Fitfood),Fitfooddourados,credito,2026-07-22,nubank-cartao,media,padrao_categoria,,
1025,2026-07-25T18:27:07-03:00,2026-06-29,gasto,64.02,A,Serviços online/Tech,Amazon,credito,2026-07-22,nubank-cartao,media,padrao_categoria,,
1026,2026-07-25T18:27:07-03:00,2026-06-29,gasto,144.32,B,Mercado/Supermercado,Leve Max,credito,2026-07-22,nubank-cartao,media,padrao_categoria,,
1027,2026-07-25T18:27:07-03:00,2026-06-30,gasto,27.59,A,iFood,Ifd*56.294.297 Henriqu,credito,2026-07-22,nubank-cartao,media,padrao_categoria,,
1028,2026-07-25T18:27:07-03:00,2026-06-30,gasto,100.0,B,Combustível,Auto Posto Guaicurus,credito,2026-07-22,nubank-cartao,media,padrao_categoria,,
1029,2026-07-25T18:27:07-03:00,2026-07-03,gasto,59.99,A,Restaurantes/Lanches,Old Mexican Dourados,credito,2026-07-22,nubank-cartao,media,padrao_categoria,,
1030,2026-07-25T18:27:07-03:00,2026-07-03,gasto,17.05,B,Mercado/Supermercado,Leve Max,credito,2026-07-22,nubank-cartao,media,padrao_categoria,,
1031,2026-07-25T18:27:07-03:00,2026-07-03,gasto,17.0,A,Outros,Jim.Com* Flash Lavage,credito,2026-07-22,nubank-cartao,media,padrao_categoria,,
1032,2026-07-25T18:27:07-03:00,2026-07-04,gasto,19.0,A,Restaurantes/Lanches,Padoca do Rei,credito,2026-07-22,nubank-cartao,media,padrao_categoria,,
1033,2026-07-25T18:27:07-03:00,2026-07-05,gasto,50.1,A,iFood,Ifd*Daiane Santos Rosa,credito,2026-07-22,nubank-cartao,media,padrao_categoria,,
1034,2026-07-25T18:27:07-03:00,2026-07-05,gasto,4.0,A,Pix p/ pessoas,Transferência enviada pelo Pix - Agatha Bezerra de Oliveira ,pix,,nubank-conta,media,padrao_categoria,,
1035,2026-07-25T18:27:07-03:00,2026-07-06,gasto,22.67,A,Restaurantes/Lanches,The Best Acai Dourados,credito,2026-07-22,nubank-cartao,media,padrao_categoria,,
1036,2026-07-25T18:27:07-03:00,2026-07-06,gasto,35.0,A,Restaurantes/Lanches,Mycaohotdog,credito,2026-07-22,nubank-cartao,media,padrao_categoria,,
1037,2026-07-25T18:27:07-03:00,2026-07-06,receita,600.0,B,Outros,ajuda do pai,pix,,nubank-conta,alta,dito,,
1038,2026-07-25T18:27:07-03:00,2026-07-07,gasto,13.9,B,Mercado/Supermercado,Leve Max,credito,2026-07-22,nubank-cartao,media,padrao_categoria,,
1039,2026-07-25T18:27:07-03:00,2026-07-08,gasto,125.0,B,Mercado/Supermercado,Pantanal,credito,2026-07-22,nubank-cartao,media,padrao_categoria,,
1040,2026-07-25T18:27:07-03:00,2026-07-08,gasto,38.0,A,Restaurantes/Lanches,Bentolanches,credito,2026-07-22,nubank-cartao,media,padrao_categoria,,
1041,2026-07-25T18:27:07-03:00,2026-07-09,gasto,100.0,A,Restaurantes/Lanches,Bentolanches,credito,2026-07-22,nubank-cartao,media,padrao_categoria,,
1042,2026-07-25T18:27:07-03:00,2026-07-09,gasto,66.52,B,Mercado/Supermercado,Leve Max,credito,2026-07-22,nubank-cartao,media,padrao_categoria,,
